time,r_heel_x,r_heel_y,l_heel_x,l_heel_y,r_toe_x,r_toe_y,l_toe_x,l_toe_y
0.0,-106.0,227.95833333333337,404.67708333333326,382.54166666666663,951.2395833333335,942.9062499999999,951.2395833333335,415.66666666666663
0.016666666666666666,366.65834172566724,220.40088399251295,379.5725224812825,319.40960311889626,745.4743105570476,61.1259880065918,388.1819763183596,276.3623339335122
0.03333333333333333,75.5119480672812,113.5884460479848,496.420915565971,285.0698772511546,711.5521656208568,57.46725038149282,349.882237992353,313.1304750844006
0.05,494.17996504456596,102.23754449391129,488.4963948815821,113.60468481987891,701.6302759934765,73.81969367899205,363.4578512959373,301.16250019834604
0.06666666666666667,486.2318473947681,96.59837722282577,486.2318473947681,102.14873871011469,380.7749791362787,71.62175053002568,483.45666665112367,296.4113907652269
0.08333333333333333,160.36763114958643,97.56047601578848,661.6301360746252,276.76831456411844,625.2691253546743,284.55995971839366,544.755458760497,287.15717476981865
0.1,118.13075955482941,94.0738500808676,659.6399524056624,96.65246528491912,600.3318027124758,279.73414477258166,541.0236530192892,279.73414477258166
0.11666666666666667,89.61112430728429,61.476863481212945,654.5855476363923,61.476863481212945,569.0618963984999,66.66011507138819,532.7791352672726,27.78572814507345
0.13333333333333333,488.014114514721,67.6682507566519,482.80471045070203,70.27295278866143,665.1338526913659,75.48235685268025,459.36239216261674,255.20679706133444
0.15,160.1252012313505,274.7725861533431,698.5320340197683,245.16021034998005,717.3762731673629,83.63816051345475,542.3940525111271,258.6203811696905
0.16666666666666666,730.40625,200.35416666666663,733.1666666666665,302.48958333333337,746.96875,76.13541666666663,352.22916666666674,302.48958333333337
0.18333333333333332,732.13959757487,126.93894449869788,735.0374959309898,150.12213134765614,764.0164794921876,34.20619710286451,378.59599812825525,57.389383951822765
0.2,97.04564597705996,128.54024087223718,723.9449221127563,270.09814193513637,403.272942153944,62.094695475366166,400.3840053975582,301.87644625537916
0.21666666666666667,508.5780723969641,113.5012185388648,497.48124501240966,288.27624984559725,711.0951721650825,55.24287476995403,552.9653819351819,307.69569776856747
0.23333333333333334,498.3879193853013,112.92054959287941,498.3879193853013,257.7039846863602,558.4867037637273,69.21234277220606,503.8514452378854,293.21690272815727
0.25,483.8033999340916,86.10045332385846,653.5937592240969,83.48829395016605,614.4113686187109,75.65181582908895,536.0465874079393,41.69374397108788
0.26666666666666666,650.862981285095,259.66619920865344,636.5139612880055,250.1001858772603,634.1224579551572,259.66619920865344,559.9858546368614,269.23221254004636
0.2833333333333333,622.4148347055786,251.41271016735868,622.4148347055786,249.01887138203688,620.0209959202568,253.80654895268037,512.2982505807786,260.98806530864556
0.3,634.9100185996651,237.00993599121875,637.2769734533158,246.4777554058213,623.075244331412,94.99264477218014,817.1655423307648,270.14730394232777
0.31666666666666665,109.10702411799616,293.2829007491533,724.0761049908028,275.19557484112977,97.04880684598038,85.27865280688047,434.67889046242317,275.19557484112977
0.3333333333333333,730.40625,200.35416666666663,733.1666666666665,302.48958333333337,749.7291666666665,78.89583333333337,332.90625,302.48958333333337
0.35,711.6647101508247,132.8075256347655,711.6647101508247,321.9010094536676,769.8473205566409,65.89752366807727,368.3873087565105,272.445790608724
0.36666666666666664,511.03129647506614,118.20789502561092,511.03129647506614,269.630411364966,735.2530995160342,57.056494196255926,394.5524377524854,295.83815457754656
0.3833333333333333,523.1555058052353,112.49580516019535,655.6729573792653,286.4249603511096,382.35571350782845,57.2802003376828,385.1164937489541,300.2288615567377
0.4,501.0476952805965,106.95267608231029,501.0476952805965,292.981813423783,689.7729070762934,53.03118699782544,530.7045142770633,44.942963635152864
0.4166666666666667,512.3906035760461,268.2243549874422,509.76868872188106,268.2243549874422,690.6808136592671,281.3339292582673,538.6097521176963,286.57775896659734
0.43333333333333335,359.59194359268645,91.22888606104709,499.4252687617163,285.8988093355789,392.4939024559877,66.55241691357116,395.23573236126276,294.12429905140436
0.45,504.7509520445213,87.39193073462195,669.220582837024,90.0025597948204,687.4949862584133,74.3387854336296,546.5210170076966,277.96785212910936
0.4666666666666667,511.21293881983036,73.89348282049684,694.6878132003143,257.368357200981,713.5749326218348,84.68612248993713,516.6092586545502,265.4628369530611
0.48333333333333334,500.33949488203154,42.69073893243251,503.19399349252,39.836240321944274,603.1014448596119,48.39973615340921,591.6834504176587,8.43675560657232
0.5,733.1666666666665,200.35416666666663,733.1666666666665,299.72916666666663,749.7291666666665,76.13541666666663,755.25,100.97916666666663
0.5166666666666666,711.315165201823,132.6053466796875,711.315165201823,310.7474704318578,752.2002427842883,71.27773030598962,355.03091769748266,275.70311821831604
0.5333333333333333,148.0730277697245,120.83263460795081,707.048697842492,271.98421886232154,393.3378625975714,58.09046755896679,384.78211254543726,291.94763565063477
0.55,705.9801574442706,90.3045004158522,92.10323448705117,90.3045004158522,703.3111273444567,44.930988719014294,81.42711408779508,39.592928519386305
0.5666666666666667,492.436897661496,99.52360145397938,489.63493735163274,107.9294823835694,366.3486837176463,60.29615711589281,366.3486837176463,298.4627834542756
0.5833333333333334,500.0186994439632,88.10871431923351,500.0186994439632,90.8564048900223,565.9632731428951,68.87488032371175,513.7571522979072,288.69012598681775
0.6,166.35407562851412,272.6064762980402,672.4564074477597,264.65722501292123,349.18685518625205,95.0731975970483,383.63361075510113,267.3069754412942
0.6166666666666667,501.92788891239843,66.99722870266635,671.6128345574768,264.499378551856,396.22251293677573,69.7789491230775,563.125738161443,275.6262602335005
0.6333333333333333,511.32841968860225,68.57734007428655,516.8746558783869,265.468724811638,586.2026082506939,71.35045816917886,527.9671282579559,273.78807909631485
0.65,512.1923109701165,69.46831258719624,678.764451744855,72.19900341956907,594.1130359412994,83.12176674906016,539.4992192938441,266.0780525180352
0.6666666666666666,733.1666666666665,200.35416666666663,735.9270833333335,302.48958333333337,749.7291666666665,76.13541666666663,330.14583333333326,100.97916666666663
0.6833333333333333,714.0459289550781,135.3347625732422,711.1143341064453,311.23045349121094,752.1566619873047,70.83967590332031,371.04933166503906,276.0513153076172
0.7,494.9779232740402,110.39330327510834,500.7036944627762,307.932409286499,732.5974276065826,58.86136257648468,386.18827068805695,293.6179813146591
0.7166666666666667,93.17165052582277,305.1599207958594,503.05728091088054,299.5450491467491,719.22983940163,77.75761900688906,562.0134332265395,305.1599207958594
0.7333333333333333,484.2240655878227,101.05787414453857,492.72313888481585,299.36958440771434,379.4021615915726,50.06343436257907,489.8901144524848,305.0356332723767
0.75,498.89455799326635,84.53374270622203,493.59185926738627,79.23104398034195,692.4430614878909,71.27699589152166,530.710750348547,42.11215289918107
0.7666666666666666,527.1920161842546,67.29910877765758,724.0797353967224,64.60201673365111,726.7768274407291,48.41946446961265,589.2251331964022,29.53982016156783
0.7833333333333333,534.5106878245014,50.405409197328254,727.310626907772,53.083186129040314,617.5217727075761,31.660970675343606,612.1662188441518,15.594309085071018
0.8,186.17218026339492,78.46715163307294,671.3231228960965,263.4141960621138,395.2427522266586,86.50832747781385,564.1074449662176,271.4553719068547
0.8166666666666667,529.2728199200549,76.55239898644925,679.455913700006,262.8906820097219,392.995568156766,82.11473579311416,545.9598303400494,274.0153556230515
0.8333333333333334,730.40625,200.35416666666663,733.1666666666665,302.48958333333337,749.7291666666665,76.13541666666663,332.90625,103.73958333333337
0.85,714.4251268174912,134.33644782172314,711.5159962972004,282.7021043565537,758.0620846218533,70.33557637532545,374.0568559434679,256.51992967393653
0.8666666666666667,539.718202524715,118.17713688479535,678.9246434370675,291.4749510818058,397.6708138386408,55.67628586292278,397.6708138386408,291.4749510818058
0.8833333333333333,163.05217770806132,110.49030163246027,553.1738633670483,279.6339695405526,384.030195458956,55.92782811372092,386.7583191348929,296.00271159617444
0.9,516.6416942078622,103.36272330463817,677.1587366641147,271.90561788370314,711.9374291963027,79.2851669362002,540.7192505763,293.30789021120347
0.9166666666666666,504.6072703270953,97.69472650110879,504.6072703270953,290.4815118404799,391.6892960568922,59.13736943323465,397.1974899237315,293.23560877389946
0.9333333333333333,494.1503085330179,77.40477799943176,652.8336279390294,85.47342135905944,580.2158377023802,42.44065677437834,564.0785509831246,28.99291784166553
0.95,511.7601927057123,87.25682267455011,668.0376275682931,251.34812928025985,696.6884906264329,82.04757484579739,537.8064318494758,272.18512059527063
0.9666666666666667,137.79656618678462,57.79371036186194,509.92203364113925,257.95210573503766,605.7725328339277,291.78169368543354,566.3046802251326,272.0477673810359
0.9833333333333333,518.7556820138202,78.35722508605011,516.0485074138401,254.32357408475912,570.191999413443,83.77157428601038,516.0485074138401,267.8594470846598
1.0,733.1666666666665,200.35416666666663,735.9270833333335,302.48958333333337,749.7291666666665,76.13541666666663,332.90625,100.97916666666663
1.0166666666666666,138.4172837999132,332.00860934787306,711.5159962972004,323.28121778700074,758.0620846218533,99.27816772460926,374.0568559434679,279.6442599826387
1.0333333333333332,505.5586464934879,138.460519419776,710.1068862014345,283.3488558795716,735.6754161649278,75.95966839790344,374.87504890229957,283.3488558795716
1.05,528.0920232690404,128.81822060379056,519.872972702976,290.45954840305615,714.3905027664988,90.46265129549045,396.58721421201074,290.45954840305615
1.0666666666666667,513.067463277017,120.87296002511584,510.4142866891219,269.45084894724255,693.4834712538852,73.1157814430037,372.44910411857563,274.7572021230328
1.0833333333333333,512.8463652280259,113.57672440840429,510.0826396156351,268.34535870228615,709.0708837077689,83.17574267210603,366.368907771316,273.8728099270677
1.1,155.6874593669918,108.22020673386828,505.5951840965579,292.81719537072604,378.85695309214816,77.91323845020509,384.3673109619051,298.327553240483
1.1166666666666667,495.37985594933593,110.51798291588602,495.37985594933593,293.0754933958708,667.3543223435246,60.24852350835397,532.4205102496229,295.72125441731987
1.1333333333333333,508.72234610047167,97.22975153569803,503.4256565555785,285.26223037940406,707.3482040339641,44.26285608676676,535.2057938249372,36.31782176942704
1.15,174.86409008683086,82.19358443002523,523.8386877060917,275.7654315469589,387.52048551106793,65.83540016662243,572.9132404963001,283.9445236786604
1.1666666666666667,733.1666666666665,200.35416666666663,733.1666666666665,302.48958333333337,749.7291666666665,76.13541666666663,335.66666666666674,100.97916666666663
1.1833333333333333,714.4251268174912,141.53491719563795,711.5159962972004,310.26448737250416,760.971215142144,89.17056783040357,374.0568559434679,278.26405164930543
1.2,149.42690340567538,140.22429328936119,720.753337983456,279.4307342017138,743.9544114688481,93.82214631857698,384.3377724452704,288.13113675873603
1.2166666666666666,721.772916408107,132.88332863187395,115.69018619888925,280.15576774813246,718.9407541174096,76.24008281792828,370.58479236164453,70.57575823653372
1.2333333333333334,164.36106111153128,92.91406953327703,517.0791243902244,284.5482928894173,383.76836031638766,84.58214677866215,394.87759065587386,292.8802156440321
1.25,506.0173578034089,99.12368448988207,497.77900644691726,294.0979999268518,371.45761898071146,63.42416194508485,371.45761898071146,296.8441170456824
1.2666666666666666,493.37958737129077,81.49472104572271,496.1172122659583,292.2918379351212,389.3498413739254,43.1679725203777,567.2954595273136,295.0294628297887
1.2833333333333332,500.5449106022719,86.98913064470469,500.5449106022719,92.2246600249689,581.695615996367,73.90030719404422,542.4291456443857,278.0859530243481
1.3,152.94802574512187,267.5467233083474,499.0008384608268,249.05535163651587,675.9896816055004,82.63300659003187,372.20286128255316,264.9050987838001
1.3166666666666667,729.3148969833503,53.656827682586254,732.0128452078839,56.354775907119915,723.919000534283,77.93836170338909,737.4087416569514,56.354775907119915
1.3333333333333333,733.1666666666665,197.59375,733.1666666666665,302.48958333333337,749.7291666666665,78.89583333333337,349.46875,100.97916666666663
1.35,720.4105224609375,141.15347290039062,720.4105224609375,286.04839070638025,749.3895060221353,65.808115641276,375.56061808268237,265.76310221354163
1.3666666666666667,157.47537192205584,118.38063298662496,504.00628374516964,288.8514847705761,392.22211864093936,73.66696694493282,397.81132689615094,305.61910953621066
1.3833333333333333,144.5985420306955,309.02776242232346,516.0980409275056,287.01297730251247,375.7537857887106,69.61697424437921,384.00933020863965,303.52406614237077
1.4,501.53349050176485,102.92311542031075,507.132139875089,284.8792200533511,574.3159323549808,46.936621687067486,554.7206595483458,301.6751681733241
1.4166666666666667,170.1962353043033,99.00570108829231,466.0525968414247,107.0018189676739,548.6791482617017,56.359739064923474,362.1030644094632,293.57790281991265
1.4333333333333333,176.76075655814464,102.02159797943068,494.2498445586583,249.15068754064418,669.7722671930886,83.95311329647461,525.2243897294401,280.12523271142595
1.45,496.30506747227935,99.13411901677352,485.67605281270926,269.19835356989404,666.3693020254,75.21883603274091,525.5348577860971,290.4563828890341
1.4666666666666666,152.93850295766413,93.99217747674959,510.5583962125461,263.53049724202685,698.6399697021504,75.44892375242227,380.75562014225557,282.07375096635417
1.4833333333333334,153.545142605872,92.00022639308156,623.5615224940835,265.16415582558056,706.0205365095591,78.25705739050238,378.9331142481723,284.40459242919155
1.5,733.1666666666665,197.59375,735.9270833333335,302.48958333333337,752.4895833333335,76.13541666666663,335.66666666666674,100.97916666666663
1.5166666666666666,717.1855434841576,141.23748948838966,717.1855434841576,280.875754462348,755.0042402479384,97.60053168402771,382.63553365071607,260.5118408203124
1.5333333333333332,163.7149391555124,125.43613797095077,507.4222706462499,294.472530507379,721.5350345257257,80.35976662790324,394.731342288631,294.472530507379
1.55,484.43746646797024,101.44483726050578,484.43746646797024,112.49566478906456,699.928603274867,51.71611338199102,376.69189806452187,48.95340649985144
1.5666666666666667,499.43135660223925,85.61503044428741,485.9977843196996,85.61503044428741,703.6216552968418,48.001028053176356,542.4187879063662,37.25417022714464
1.5833333333333333,176.01285641092431,100.7960166213918,520.1169589216811,274.1818047082072,389.4107494408511,76.78875365552506,557.4615902019184,290.1866466854517
1.6,175.65424097382578,102.19010157117827,515.4814419460129,275.99485321344196,707.4448989837367,76.24909386337777,385.77640340701004,286.37125629656214
1.6166666666666667,155.87633368123954,112.80210169695715,706.9221944338955,300.21363809506875,743.2856268693498,65.24992081982441,393.63723806690325,300.21363809506875
1.6333333333333333,495.17731547756375,86.93904743772623,497.99999778300025,89.76172974316262,720.9918999124773,41.77613055074346,723.8145822179135,38.95344824530707
1.65,485.3273303492181,79.723382026075,490.88632382183835,82.50287876238531,379.70645436942755,40.81042771773116,521.4607879212516,35.251434245110545
1.6666666666666667,733.1666666666665,200.35416666666663,733.1666666666665,305.25,749.7291666666665,78.89583333333337,330.14583333333326,103.73958333333337
1.6833333333333333,726.2063191731772,145.43157958984375,729.1042175292969,284.53070068359364,737.7979125976562,72.984120686849,375.56061808268237,267.143310546875
1.7,515.9671894113221,124.43502307600443,504.8359392152893,296.9694011145167,719.1125054889253,65.99595954683082,393.5234372549587,296.9694011145167
1.7166666666666666,155.122821179031,119.67833404773535,511.3536268097273,273.1316041655738,708.6506883898053,75.8345425854958,385.30272635578865,306.01444776225344
1.7333333333333334,515.2927174489131,132.95492487057015,506.99707819519347,271.2155790992309,708.8576333690381,85.94630243282552,354.9103585436666,268.4503660146577
1.75,500.62817676944553,117.45325913620252,486.73235092533764,264.74901308374467,381.1240745101188,67.42828609741457,378.34490934129724,295.3198299407817
1.7666666666666666,508.0686858615592,118.01234900414897,502.84418102759287,279.97199885710404,664.803830880548,81.44081516638494,372.23156017843553,282.58425127408725
1.7833333333333332,512.7540734974891,301.6820953603583,499.46747062790536,285.7381719168575,714.710437115164,83.78180829918256,358.6294802103162,277.7662101951073
1.8,482.48293629559544,110.71572454594263,482.48293629559544,127.64835808579323,375.2429238765419,51.45150715646571,361.1323959266665,308.263115844199
1.8166666666666667,484.62891242130576,108.54770072031079,468.64432997808746,119.20408901578958,553.8954363419184,63.25805046452558,367.40864117103837,295.0344958911908
1.8333333333333333,733.1666666666665,200.35416666666663,735.9270833333335,302.48958333333337,749.7291666666665,78.89583333333337,327.38541666666674,103.73958333333337
1.8499999999999999,729.1042175292969,151.08989461263013,732.0021158854165,287.2911173502604,743.593709309896,75.74453735351562,332.0921427408855,304.67850748697913
1.8666666666666667,735.6900500075684,104.67776958975526,116.18409365250011,110.3613104737467,735.6900500075684,39.31704942385363,82.08284834855135,39.31704942385363
1.8833333333333333,499.9146838146826,90.3912127192533,502.7592294231256,312.2657701778063,596.6292345017441,42.03393737572253,565.3392328088714,33.500300550393604
1.9,139.81669203128104,106.90661489118997,492.74591034444643,300.17737730078056,380.70488865772734,76.09533392734215,380.70488865772734,302.9784028429485
1.9166666666666667,504.76880188058817,109.13138778275572,502.0790149829985,292.03689681885487,701.123245404636,55.335649830961756,375.6590307962829,300.106257511624
1.9333333333333333,163.74725211716554,107.27165231059405,508.46375653808445,126.27177460151086,380.8915068705003,52.98558862226025,386.3201132393335,299.98717840417874
1.95,495.7934740952019,102.96516997958918,495.7934740952019,105.57167857139564,680.8555841134553,56.04801532707427,529.6780857886847,48.228489551655116
1.9666666666666666,508.0670580908969,90.753100265439,650.9074622024222,96.24696196203615,381.70823906916326,68.77765347905051,384.4551699174617,294.02598303953243
1.9833333333333334,169.84046719551054,254.44943377335585,636.6041074337426,251.856302438699,696.24612813085,88.48902835531794,545.844510720753,272.60135311595377
2.0,733.1666666666665,200.35416666666663,735.9270833333335,302.48958333333337,749.7291666666665,78.89583333333337,755.25,103.73958333333337
2.0166666666666666,723.1525183783635,147.98981730143225,720.243387858073,290.5372127956814,737.6981709798176,78.17068481445312,374.0568559434679,322.53764851888013
2.033333333333333,121.77169730238325,139.16820097273148,506.5307241233961,277.79461504794926,616.8660332853042,102.3897645854288,379.2207520135021,286.28194652194225
2.05,501.1156298235828,120.79279679515093,498.4218966897472,306.66038302981053,719.3080136642701,69.61186725227367,536.1341605634465,61.530667850766804
2.0666666666666664,154.74644436454946,125.73130754051624,508.29891818047804,291.2836563908321,699.1050151605032,80.83575530992232,387.64212156075644,308.119488477305
2.0833333333333335,502.25676164553784,129.95396659736116,494.24165603796405,268.8824637953056,694.6192962273071,68.50482360596266,526.302078468259,63.16141986758021
2.1,165.06398218212234,317.8288769457232,496.54808616722676,287.6939584016228,693.7948257286112,95.9262949391657,392.44564028760726,295.9125725500138
2.1166666666666667,495.56802356424487,127.87776263911167,474.34373789457186,276.4477623268225,668.0153446303378,80.1231198823474,535.3635591948815,281.75383374424075
2.1333333333333333,519.5697059914728,303.10248046275956,508.9471997358991,287.1687210793991,716.0860717195851,93.30798191518011,362.88773872176154,260.61245544046506
2.15,146.02410403282852,122.746363102298,690.3324588360463,278.2630359032174,712.5491263790348,78.31302801632103,382.07619667708116,289.3713696747117
2.1666666666666665,733.1666666666665,200.35416666666663,735.9270833333335,302.48958333333337,752.4895833333335,76.13541666666663,755.25,100.97916666666663
2.183333333333333,716.9959445529512,150.70800103081592,716.9959445529512,287.96504720052064,743.2792087131074,80.61929660373266,375.31351047092016,293.80577256944446
2.2,505.4588270695119,123.1109539182097,707.101219617658,302.0330768834659,744.0216576898538,60.63021256526315,389.01744545720237,287.83290839416
2.216666666666667,169.61652188619973,107.86426259492623,502.40985860090973,297.638975266951,725.1888691289387,77.610322893589,395.14589056889577,300.38933342161795
2.2333333333333334,161.1922070892142,108.99412977955842,503.78951417263545,290.20262278235975,617.0448222993863,77.84892004470191,393.3655887490535,301.5281535950347
2.25,514.6809365044537,111.70385150720028,498.5055568037335,297.7207180654806,377.1902090483334,73.96129887218694,385.27789889869337,300.4166146822673
2.2666666666666666,151.54445203675095,310.3524680335886,509.3628591939955,283.0380858078447,383.71670095557374,59.06015155674504,389.17957740072256,302.15815336586525
2.283333333333333,497.4221529407199,127.03846466504638,489.3865497712811,271.679321714945,687.5980946174384,84.18191442803948,347.4242271111955,266.32225293531906
2.3,152.89566705103096,87.3068712161546,565.8363854805251,279.82653048395935,376.106866202109,101.25757116309694,384.4772861702744,285.4068104627363
2.3166666666666664,495.92212572689346,98.61456746221131,490.6088708642885,271.295350496874,684.5426733493711,77.36154801179134,530.4582823338261,287.235115084689
2.3333333333333335,733.1666666666665,197.59375,98.27083333333337,302.48958333333337,749.7291666666665,76.13541666666663,327.38541666666674,103.73958333333337
2.35,729.1042175292969,138.25557454427076,732.0021158854165,158.54086303710938,749.3895060221353,60.01231892903638,375.56061808268237,62.91021728515625
2.3666666666666667,157.85128744774386,111.10664398140364,710.7112415697837,301.9415520032245,738.7751986318161,77.42989550696473,399.2013181812233,287.9095734722083
2.3833333333333333,147.10439972385882,116.28459022579182,503.9332287743108,286.2030802498166,724.8272658055429,76.63694255351936,393.48621025869477,303.19492925221914
2.4,515.1726288956916,120.51042767300396,487.5166246600104,267.0872501221138,382.4238085644222,70.72962004877797,376.89260771728596,267.0872501221138
2.4166666666666665,504.5626081300788,116.61184934153857,494.07457266960745,281.7984078439649,680.2372020929768,66.79368090429898,373.4621648741849,284.4204167090828
2.433333333333333,166.86630230272897,105.62194499672819,513.4801695307142,288.1895544526899,717.2150380540337,63.28742686201235,383.8307077431472,290.8354618361095
2.45,708.0801117166153,103.11212269357532,366.5754640844783,108.71055954000383,705.2808932934012,44.328535806076275,83.85440333984025,38.73009895964799
2.466666666666667,512.0473465158932,123.82196524657456,514.7809582573134,274.170611024683,574.9204165685567,88.28501260811254,547.5842991543552,282.37144624894347
2.4833333333333334,152.34604215040298,113.6919404860513,527.728240431032,292.195363444672,656.3557069747437,87.44143710978358,532.9783411062854,292.195363444672
2.5,733.1666666666665,200.35416666666663,735.9270833333335,302.48958333333337,746.96875,78.89583333333337,330.14583333333326,109.26041666666663
2.5166666666666666,138.0704345703126,134.252431233724,711.8543090820314,313.922129313151,737.9353942871095,84.9881591796875,372.80020141601574,255.96416219075525
2.533333333333333,519.6110149125261,130.74042746424664,497.4428471492397,297.00168568889296,389.3730293032197,80.86204999685276,386.60200833280896,288.6886227776607
2.55,504.92243890921577,120.0532346070114,502.17126249002536,290.6261725968151,680.9977297374003,87.03911757672677,546.1900851970713,293.3773490160054
2.5666666666666664,478.76118710016965,107.87175620407265,468.1935172608315,115.79750858357625,674.2630791279237,62.959159386886085,526.3157013771909,57.675324467217024
2.5833333333333335,510.5828765040747,304.8236068377124,502.64938413201304,283.6676271788814,703.6311908909081,66.81883567586306,370.42451126431894,278.3786322641736
2.6,511.22075821497947,119.9825316300496,500.1159349077318,267.1214404510822,375.18667270119454,75.56323840105858,375.18667270119454,303.2121161996374
2.6166666666666667,684.7679634784272,106.41237971097155,114.25405121723696,109.07833257200514,684.7679634784272,61.09118107340032,690.0998692004941,55.759275351333144
2.6333333333333333,504.4698839030755,109.25970762016777,499.1544668217503,119.8905417828181,695.8248988307801,58.76324534757907,374.24216541060997,50.79011972559135
2.65,170.14883650090155,100.75365606684932,497.3445949900231,291.1708597777315,714.5811231672269,68.57046670726356,390.06729712473737,293.8527922243637
2.6666666666666665,733.1666666666665,200.35416666666663,735.9270833333335,302.48958333333337,749.7291666666665,78.89583333333337,327.38541666666674,103.73958333333337
2.683333333333333,717.334257337782,141.08877563476562,106.41684807671436,330.1822594536675,749.3346930609807,77.08790418836804,374.0568559434679,260.36312696668836
2.7,147.90841682062091,131.92103716896634,707.0542878185709,317.3520658162457,735.5821383796908,91.98204638339848,378.98400636569215,291.67700031123775
2.716666666666667,520.6927609205674,136.48530753055172,498.5911058634498,274.62065163753687,711.319535788207,78.46846300561799,379.79470993144264,293.95959981251474
2.7333333333333334,147.12343936056277,133.87638413696857,686.9394569401061,282.60120530684276,593.2979028701852,100.82642387699661,372.96483447037167,268.8303885318544
2.75,498.1447864901975,115.84522092221823,484.92085762098657,121.13479246990255,701.793291076044,60.30471967153278,347.3919973811941,57.65993389769062
2.7666666666666666,514.9777459466303,111.37181373443048,514.9777459466303,282.18089496173695,392.20871881450375,63.33175963925055,394.87761070868044,282.18089496173695
2.783333333333333,169.2650237598382,296.6356551620337,504.40773512941007,288.71889820054776,369.8228667841488,69.68862226610304,380.37854273279686,291.35781718770977
2.8,155.06021764925538,120.06517339993354,495.2333683381047,267.47353869843494,387.51187061996905,63.36964828512532,390.34664687570955,301.4908537673199
2.8166666666666664,512.0786940374998,131.14682315748132,503.98131068980365,279.5988511985747,706.4158943822036,96.05816198413197,377.122304909233,268.80234006831336
2.8333333333333335,733.1666666666665,194.83333333333337,101.03125,302.48958333333337,749.7291666666665,76.13541666666663,330.14583333333326,103.73958333333337
2.85,735.1372375488282,135.59355163574207,735.1372375488282,144.2535502115885,743.7972361246747,48.99356587727857,331.0039706759984,54.76689826117615
2.8666666666666667,124.22395259804182,332.6310713158713,704.940002931489,321.35503150357124,383.5728682809406,90.19621535142255,377.9348483747907,287.52691206667157
2.8833333333333333,144.43786901937528,134.81218667906126,377.70360146457756,279.89209344376025,724.7574960781712,97.83103397433399,372.014193356158,251.4450529016624
2.9,500.6037063066094,119.277435633025,497.8256750036703,322.0737207475896,720.0681792388098,52.604684362483226,331.1437968273158,52.604684362483226
2.9166666666666665,175.68256071048927,320.0119006399394,520.223552383618,306.4472946685564,381.8645714755112,100.26528390353451,400.85501983544737,284.7439251143436
2.933333333333333,719.5830785502073,140.20624852402455,118.13940037244686,279.21917414058237,733.7680709600602,74.95528343870149,379.1432607137392,256.5231862848178
2.95,151.94234810537944,118.87612028897422,495.5543956897542,277.9031836338089,384.8034051460302,62.08074052296183,384.8034051460302,306.30087351681516
2.966666666666667,158.49960764916534,128.33785709878907,500.64462613704507,293.9794930333974,701.5869385823078,95.7526172428004,375.7345400224224,266.8251264867404
2.9833333333333334,509.7791711856506,129.86352235463312,496.24397464444974,270.62956638312096,712.8071193036618,64.89457895686951,360.8920092324421,62.187539648629354
3.0,733.1666666666665,194.83333333333337,733.1666666666665,302.48958333333337,746.96875,76.13541666666663,327.38541666666674,103.73958333333337
3.0166666666666666,723.5905727810333,135.84605068630628,717.8172403971356,156.05271402994788,738.023903740777,75.22606065538184,371.41729736328136,231.10603502061622
3.033333333333333,152.03959364002492,127.17195706069458,702.2633529810445,278.76421728730213,733.14325784202,79.44846773009601,390.6570402930182,284.37874544384306
3.05,510.56523146956204,117.74861488129181,694.5177897234206,279.4038933468038,708.4535895911373,73.15405530459884,387.9301926336565,290.552533240977
3.0666666666666664,153.01579332708718,111.14725551687093,506.60496021809183,294.6897238267054,366.2489550399831,51.76586871074801,366.2489550399831,300.0880317181711
3.0833333333333335,151.82744511367446,315.45704240136104,496.41547834678204,298.9168168061718,716.9518196159709,94.92070113217221,386.1473077121876,301.6735210720367
3.1,513.8566580705287,124.66744257395419,511.1421299441481,290.2536582831708,380.8447798778793,86.66404880462574,380.8447798778793,287.5391301567902
3.1166666666666667,149.93890567444282,127.21982359382741,488.0730590472019,272.5336746300544,376.29317363471955,82.5078694288344,373.49867649940745,269.7391774947424
3.1333333333333333,157.24353197540495,116.75319467491443,508.78435812818657,296.5488843866425,710.0481898950463,84.550981592217,385.3425413111793,280.4477778452937
3.15,502.63331962390555,117.77654788201028,499.87074641226206,134.3519871518721,571.6976499149965,65.28765686078111,375.5549518882983,242.0923424059739
3.1666666666666665,730.40625,192.07291666666663,101.03125,302.48958333333337,746.96875,76.13541666666663,393.63541666666674,100.97916666666663
3.183333333333333,715.2873077392579,139.0332895914712,116.66911824544275,279.3791809082031,738.2009226481122,76.02084859212232,377.31148783365904,250.73716227213527
3.2,150.76729225450094,133.4102422479125,699.9724054568344,274.87216534548327,736.0313270307252,86.25626788205557,392.0846904797688,288.7409813354411
3.216666666666667,154.52026970647114,121.58382611272589,494.5703648899363,267.72105710066137,387.7777730141373,73.80819290513148,384.96744164898485,278.96238256127174
3.2333333333333334,148.6324791250512,308.1607374380867,507.88284601809426,286.3879879294175,690.2296231531997,95.87642972856122,385.41113003182966,286.3879879294175
3.25,501.37565017087843,124.14662979454579,490.7001280525734,265.59729786208766,677.5217651229116,94.78894396920691,359.92498210333656,241.5773730959013
3.2666666666666666,517.5140371231599,121.42822902076841,509.4995765485046,265.6885193645635,699.1751434820129,89.37038672214726,373.25374677936486,260.34554564812663
3.283333333333333,160.47790603131057,114.1155555211725,509.64306461217836,292.7581947951047,707.2326504757701,78.92836899751899,382.42785179589316,298.1716081064361
3.3,485.1782956165599,92.81610021711606,87.53163300747792,95.5584909937304,696.3423854158655,48.937847791286345,71.07728834779175,43.45306623805766
3.3166666666666664,143.65690986832476,109.88641155514324,498.87551986167136,259.0239959034949,680.5522135223906,66.5009324719864,366.0074901695035,296.98629010125717
3.3333333333333335,730.40625,192.07291666666663,101.03125,302.48958333333337,741.4479166666665,76.13541666666663,330.14583333333326,106.5
3.35,147.81725735134546,137.77393934461804,712.7052578396267,154.89175754123255,726.9701063368054,75.00860595703136,336.11325751410584,303.2461819118922
3.3666666666666667,518.4024191300074,133.2353771958086,493.9543633560339,269.0579092734389,586.3136851688226,78.90636436475643,379.8634364108244,279.9237118396493
3.3833333333333333,499.1007639855379,127.6857534241991,493.92783551773755,267.35482205480923,674.9803318907506,73.37000451229517,369.77755229052855,288.04653592601073
3.4,519.3479293165378,121.6649833276432,511.4546668839812,276.8991445012588,708.7862276978994,82.19867116485955,366.7448556204413,266.3747945911831
3.4166666666666665,506.72350567766136,116.13730149824619,495.5893464303482,274.79907077245764,387.03129376904565,57.68296544985253,528.9918241722875,302.63446889074044
3.433333333333333,140.62414035820268,309.35954456892705,498.42045650263253,287.3413097292698,699.3368494145047,86.42491681739762,366.3110474646892,298.35042714909844
3.4499999999999997,510.55843850164274,134.1633455770126,502.2263427981593,273.03160730173875,371.6901767769166,89.7255018251002,366.1354463079275,281.3637030052223
3.466666666666667,511.46614510822894,129.3734754558044,511.46614510822894,293.46585503287326,697.437508628907,91.0852535544883,380.1922414465737,287.9961090469711
3.4833333333333334,495.1690796756234,117.01046072497354,495.1690796756234,273.05045546439817,695.0097746927813,62.25958537780696,503.3817109776983,281.26308676647307
3.5,730.40625,192.07291666666663,103.79166666666663,305.25,741.4479166666665,76.13541666666663,330.14583333333326,106.5
3.5166666666666666,147.3778550889757,134.02059936523426,707.2001495361327,307.3665890163844,388.92554558648,99.91974894205725,380.4003329806857,287.47442626953114
3.533333333333333,499.061375973401,130.16501276139854,719.1295268977126,288.1626595788531,716.3081403474009,90.6656010570349,380.5631408603102,288.1626595788531
3.55,169.00323375178232,118.79129823045457,499.63447011643314,295.127957624935,392.17931829792167,88.48343489702836,394.9345786009603,306.14899883709006
3.5666666666666664,510.6407125671949,310.1433190713293,507.9163951288874,291.07309700317785,734.0347425083987,84.02497169181822,358.0789360219824,285.6244621265631
3.5833333333333335,128.67757329201106,127.12851561441266,701.5424682173362,271.7913678682826,721.795267532878,77.94314584809695,365.9246509883577,286.25765309366966
3.6,499.33233777439,114.82793500333412,485.3816965047906,276.6553737306857,398.8877206332752,75.7661394484561,379.35682285583607,293.39614325420484
3.6166666666666667,154.1575062674807,109.49835408080753,482.89673852864325,119.8523456480882,653.737599388775,86.20187305442596,366.4143333967353,275.162219157299
3.6333333333333333,500.12642762107134,105.96781821924299,494.98650667702725,242.1757232364082,667.1738583025004,82.83817397104508,520.6861113972473,278.15516984471606
3.65,154.7645650742313,112.77921736091048,473.70904097214225,255.6663425631748,644.6632800534223,89.815215096261,363.9921412632608,276.0787890206409
3.6666666666666665,730.40625,194.83333333333337,733.1666666666665,305.25,741.4479166666665,76.13541666666663,332.90625,106.5
3.683333333333333,732.8755289713539,127.11147054036451,735.7060343424477,325.2468465169269,738.5365397135416,42.19630940755201,747.0280558268229,53.51833089192701
3.6999999999999997,154.09937430421508,316.58118798335374,526.3287976781527,294.19144823153795,725.0377379755179,89.88507299621881,394.78907663623477,294.19144823153795
3.716666666666667,513.2070764197948,131.23721684936493,499.4275836729597,269.0321443177137,700.6081777767491,92.65463715822727,369.900351852712,266.2762457683467
3.7333333333333334,518.4389775721085,308.5190032203624,504.98244168652764,286.9885458034329,706.8304799702415,90.52312187395125,365.0344684764859,281.6059314492005
3.75,148.5450007664847,127.1111450808171,511.3721060407911,275.540415420306,382.1836670416062,91.37817259168082,382.1836670416062,283.78648599472206
3.7666666666666666,505.983438502334,134.53851398687482,489.67651182929444,278.58303293205756,701.6665585788086,99.20683952862237,375.5280251180176,248.68700069815168
3.783333333333333,518.5100104838644,307.20597122702543,505.18410537250054,288.549704071116,734.3896732879585,93.99148944520391,366.5946922143165,288.549704071116
3.8,502.2126714528116,137.26684575118963,710.4190941685298,277.0218418206442,710.4190941685298,91.63256132034724,376.71838926799524,257.05684238215065
3.8166666666666664,513.2145893911556,134.3032911470383,505.1720481134421,279.06903414588044,711.5972742414206,96.77143185104217,368.44884639231327,279.06903414588044
3.8333333333333335,733.1666666666665,194.83333333333337,733.1666666666665,305.25,741.4479166666665,76.13541666666663,330.14583333333326,100.97916666666663
3.85,144.96428765190979,136.67139010959193,706.9993184407551,307.8495720757377,387.4667121039495,93.87684461805554,378.90780300564234,293.58472357855896
3.8666666666666667,501.13322265832505,133.4970898385402,719.3547575297179,290.16896102825797,601.8508541374293,69.14971417133461,573.8737342821227,315.348368898034
3.8833333333333333,514.0325691957781,119.87645817981718,503.19507810599464,268.8919606643409,682.0136810874232,92.78273045535832,381.2733033459299,287.8575700714622
3.9,504.5118403290617,289.5302020580974,662.5475609223713,266.2134563967894,626.2770676714476,87.45173966009509,540.7823335799851,286.93945254017433
3.9166666666666665,496.0324487183983,120.87004708106531,493.4286273848737,269.287863091968,654.8655500633994,97.43565507934397,365.841382042168,271.8916844254926
3.933333333333333,673.7186743868326,94.60552505569854,468.5999365245428,97.16950927897722,655.7707848238824,61.273730153076485,532.6995421065083,48.45380903668331
3.9499999999999997,487.42502251284,80.31999316584279,467.22696971227276,77.7952365657718,651.5342015174494,75.27047996570104,530.3458847140456,39.92388756470814
3.966666666666667,173.3854082745927,277.42852991981647,576.9601896759018,252.36177331103943,674.7205404501319,89.42785535398923,378.93281246656375,257.37512463279484
3.9833333333333334,155.50494481208852,275.6774472478621,498.92848607898304,257.18541041041385,665.3568176160167,88.11535932517359,372.12594776505273,273.0357276996551
4.0,733.1666666666665,194.83333333333337,733.1666666666665,305.25,746.96875,76.13541666666663,330.14583333333326,100.97916666666663
4.016666666666667,114.50400627983936,136.0985497368706,712.0439080132379,323.73185221354174,766.890565660265,95.68522304958765,371.41729736328136,257.3385297987195
4.033333333333333,540.8210021434008,140.7593128592879,718.5125961855608,275.46100511705436,741.4405438039041,100.63540452718723,386.05735571958417,275.46100511705436
4.05,123.01849181978753,318.22513528183356,503.2617474572487,284.9191566858516,722.5261065474631,87.85878332629147,392.2418188039752,296.02114955117884
4.066666666666666,509.8142542326218,132.42983337746023,504.28042396731166,273.5425051428665,700.7313983858185,74.32461559170474,357.63392193659536,270.77559001021143
4.083333333333333,515.464273316979,121.31083360121477,521.0035077134075,273.63977950299886,601.3224064616211,65.91848963692951,551.4692968937643,290.2574826922845
4.1,499.4966007266231,115.91044069193629,496.80316603272183,266.74278355041463,553.365294604651,70.12205089561246,364.82486603155314,277.5165223260202
4.116666666666666,492.4298417315564,87.85426768168304,495.11494711895,291.9222771235941,548.8170548668213,47.57768687077942,527.3362117676727,36.83726532120522
4.133333333333333,500.5231794055702,88.38263558750316,505.96418885756407,284.2589758592799,571.2563022814898,69.33910250552492,383.54147618770355,289.69998531127374
4.15,498.67142960672277,66.77534561042035,490.93366592072084,64.1960910484197,578.6283210287428,53.87907280041725,547.6772662847351,25.507272618410184
4.166666666666667,733.1666666666665,192.07291666666663,733.1666666666665,305.25,744.2083333333335,76.13541666666663,332.90625,98.21875
4.183333333333334,121.72089640299475,131.1788618299696,712.8023037380644,307.3665890163844,755.4283667670356,74.34411112467444,380.31901211208765,287.47442626953114
4.2,152.35884172745318,122.81183187994691,710.4499148864438,295.62175808653785,744.445310205773,57.653990851232265,395.99250818264716,309.7865061362585
4.216666666666667,736.3854210160232,123.25816899297195,379.17740297831097,331.3951243850248,744.8234056940794,36.06566065305799,381.9900645376629,52.94163000917035
4.233333333333333,563.9011482806011,123.30761030944495,689.152483345498,131.135818751001,417.77459070488834,68.51015121855255,415.1651878910364,63.29134559084855
4.25,525.7326862231661,112.48351523883423,520.593725603438,122.76143647829042,589.9696939697673,68.80234997114542,404.96711165955605,58.52442873168923
4.266666666666667,189.81579309639903,84.56676407927137,525.7427232556264,89.89893757386233,400.43664613274007,63.23807010090775,579.0644582015356,287.18935687372607
4.283333333333333,520.7082280664789,263.21540495078,674.8956098182299,263.21540495078,722.9211877409065,88.80672723158636,543.4571860298521,270.79839093857106
4.3,130.76864240914415,59.68842307339014,532.2777122216797,251.01153687667886,405.62720026738987,75.85657353563988,413.71127549851474,259.09561210780373
4.316666666666666,185.88877254948966,251.8623998296075,514.5236233894348,244.0993718570104,602.504607078869,73.31275645987353,403.25355578220933,246.6870478478761
4.333333333333333,733.1666666666665,197.59375,735.9270833333335,305.25,744.2083333333335,78.89583333333337,332.90625,100.97916666666663
4.35,721.4088372124564,131.09754096137146,724.2505747477211,312.9687432183158,729.9340498182509,68.57931518554688,377.5585954454209,65.7375776502821
4.366666666666666,512.4023716549077,116.41708045204484,498.75796128864624,291.0655331401912,395.0604425050593,80.94161349976491,395.0604425050593,304.70994350645276
4.383333333333333,179.79321973828849,112.3370819616647,514.97402321808,291.61983731132057,704.6499817764119,75.96087073129968,387.65728391180266,291.61983731132057
4.4,506.99389038329366,118.17818396029054,498.9059179156046,288.0256057817579,587.8736150601829,64.25836750903102,563.609697657116,304.2015507171358
4.416666666666667,499.01649566418644,99.24042811390825,480.126130281482,104.63767536610953,701.4132676217338,47.96657921799624,528.7013555512934,45.26795559189566
4.433333333333334,482.12506194202626,92.9603303590277,487.7252330411121,291.76640437657306,378.5218966089393,59.3593037645129,378.5218966089393,297.3665754756588
4.45,486.89623635904525,92.96124184520909,486.89623635904525,249.50899351643056,552.1244662220541,72.0882082890464,369.4854226056292,280.8185438506748
4.466666666666667,502.3471733078454,92.94085802337702,499.7991955788217,240.72356630675642,573.6905497205115,85.2969248363056,535.4708837851548,258.559410409923
4.483333333333333,155.99057438684525,274.6186372293756,524.750632435014,246.44946612847377,593.8931433190455,87.67777446884554,445.36478660519987,256.6928010742563
4.5,733.1666666666665,192.07291666666663,733.1666666666665,302.48958333333337,744.2083333333335,78.89583333333337,332.90625,100.97916666666663
4.516666666666667,523.4181315104164,136.98319498697913,713.0619913736979,281.3389689127604,732.8755289713539,97.35611979166663,381.89286295572913,275.6779581705729
4.533333333333333,154.7268398503462,126.16286952296889,517.7654132644334,281.75082955757773,386.7439732352892,96.13712284962332,386.7439732352892,287.21005622545874
4.55,520.388401077517,124.01569809671003,512.2915255874346,277.85633240827394,733.6061223163509,78.13340365291026,363.84880826925894,283.25424940166215
4.566666666666666,530.5547416518971,123.77497067871059,519.4408663318513,273.8122874993277,725.047559752697,68.20559407848202,394.40976898133715,276.5907563293391
4.583333333333333,497.12312296761087,105.85601740391041,494.46630259386126,111.16965815140952,590.1118360488445,60.6900710501684,547.6027100688518,52.719609928919795
4.6,520.3361396478272,110.90155453296472,506.9850118744682,292.47689225064516,720.6030562482101,54.82681788485752,368.13328303153617,295.14711780531695
4.616666666666666,169.25754351456874,120.8414517759494,507.13190904853707,285.59010935036383,395.43790391334085,81.74854997863076,401.02260417010064,302.3442101206432
4.633333333333333,513.44878314267,125.16995806219461,502.58661386072345,263.6626164070133,698.1056609357618,73.57465397294834,369.52504015687805,241.9382778431202
4.65,524.4302877804973,118.32806432503094,513.5575109113613,262.39235784108246,391.2387711335816,82.99153950033906,388.5205769162977,286.8561057966384
4.666666666666667,733.1666666666665,192.07291666666663,735.9270833333335,302.48958333333337,746.96875,78.89583333333337,332.90625,98.21875
4.683333333333334,114.14322916666663,136.17447916666663,709.3580729166667,282.82161458333337,729.4861111111113,98.79383680555554,378.6831597222222,259.8181423611111
4.7,513.9394766489667,135.34891510009766,710.8182542588976,276.7688821156819,708.0453137291803,71.57128291659888,372.5195096333822,304.49828741285546
4.716666666666667,503.152358875403,116.92402509599901,492.4559574179973,127.62042655340497,575.3530687128919,63.44201780897038,543.2638643406747,55.41971671591614
4.733333333333333,506.8745115960953,116.46093219436011,504.1760379211313,283.76630004212916,703.8630898684685,73.28535339493578,374.6493015228584,283.76630004212916
4.75,512.4519720776003,117.09865741832618,512.4519720776003,262.0032679672363,706.5694692280271,65.15172156116978,383.9516570625293,300.2799575461936
4.766666666666667,507.9704274725308,114.5252513562549,499.79364442038525,269.8841293470183,371.6907099367735,51.83658128980676,368.96511558605835,283.5121011005939
4.783333333333333,509.8970642344377,100.58097934681018,493.46098501992014,297.81392992102144,386.62647012555567,45.79404863175159,386.62647012555567,300.55327645677437
4.8,510.0606938208019,104.7952214457581,499.6722214440045,265.8165432861182,559.4059376105895,68.43556812696727,533.434756668596,286.59348803971295
4.816666666666666,517.1562706973041,100.61125743267462,511.9358266114705,270.27569022226874,376.20428037979525,53.627260660171714,384.0349465085458,288.54724452268647
4.833333333333333,730.40625,194.83333333333337,733.1666666666665,302.48958333333337,741.4479166666665,78.89583333333337,396.39583333333326,100.97916666666663
4.85,712.7052578396267,132.25310601128479,712.7052578396267,323.40207587348084,738.3819851345486,72.34074232313367,373.20186360677076,69.48777262369799
4.866666666666666,156.01490173185312,322.99716220520156,517.9529278101743,295.36830525265793,727.9322406495057,104.7291922801071,393.6230715237281,295.36830525265793
4.883333333333333,142.67174672703732,137.40535213687178,491.18027762256634,274.0206962479191,691.9211914183907,78.855918946423,371.2933429945043,290.7491057309045
4.9,504.555653857131,126.98140752332858,496.6937914902495,271.1155509161572,677.5166259285253,71.94837095515766,536.0031033246572,292.08051722784137
4.916666666666667,160.32406130722188,316.0069044603838,508.2686265081567,286.56544125107393,730.4178489056766,96.53417871825559,366.414303772391,289.24193790646575
4.933333333333334,136.547065221945,127.57352437092118,494.57859006734554,273.6503865078446,732.3115225646915,73.15273259442029,371.4157455205278,287.97164750166064
4.95,157.50123316302722,122.6776297434127,498.7733396253651,274.9808838671007,701.8443451236157,86.01203152845085,388.77654498047923,297.5443289224619
4.966666666666667,507.6959812582803,128.2803894866721,505.02198900064127,272.6759713991855,700.2234238082983,85.49651336444595,371.32237611868436,286.0459326873812
4.983333333333333,519.1061464631184,126.26967265231463,502.4589778669765,267.7706057195222,377.6052133959107,73.55363876453123,369.28162909783964,251.1234371233803
5.0,722.125,197.59375,733.1666666666665,227.95833333333337,746.96875,76.13541666666663,335.66666666666674,106.5
5.016666666666667,144.96428765190979,138.14415147569446,706.9993184407551,303.61639404296864,752.6468336317273,83.93772718641492,373.20186360677076,292.2045152452256
5.033333333333333,530.0929082499608,146.2795728842417,708.4035144646962,277.22642432318787,725.1201337973275,104.4880245526632,382.4294374783833,277.22642432318787
5.05,522.6025350366251,127.62936889356081,687.2111726707724,267.546710882586,711.9024683158946,72.75982301551164,371.7112838719902,267.546710882586
5.066666666666666,504.57033393641973,119.61193158691708,493.8982787078604,290.3648152438668,712.6754108933272,68.91966925126007,523.2464305863986,63.583641636980474
5.083333333333333,527.4508104172462,119.33575047016222,524.6933417200883,273.7539975110034,582.6001843604038,72.4587826184785,386.81990686219467,301.32868448258193
5.1,143.92838438666433,120.66870652982357,508.2697073607468,266.9572680269931,695.9606919231529,70.9857988515397,370.26163047662465,297.3190449415
5.116666666666666,480.17706715308134,105.33732098352027,480.17706715308134,108.04402236121166,702.1265801237861,53.90999480738117,718.3667883899353,51.20329342968978
5.133333333333333,484.2415246580588,96.7365835166139,487.027964471519,99.52302333007401,573.4075986887822,46.580666874331996,514.8923626061201,41.0077872474119
5.15,167.448624401107,107.29185698967228,511.16168976993464,269.8228413888853,710.9948673099507,93.9696451536712,388.59734087872465,288.4739379592868
5.166666666666667,727.6458333333335,200.35416666666663,730.40625,239.0,746.96875,76.13541666666663,396.39583333333326,261.08333333333337
5.183333333333334,111.3828125,330.3237847222222,709.4730902777777,315.94661458333326,752.6046006944442,108.91536458333326,375.92274305555543,292.9431423611111
5.2,144.8864861947518,140.9363926075123,707.2903063738786,289.3881624009873,724.4193567346642,109.53313361273877,378.9835077921549,303.6623710349753
5.216666666666667,94.65168008024307,148.52095991000533,493.20970273008675,274.0940355394082,703.4081119358262,107.57321785693921,381.28587445170604,257.71493871818166
5.233333333333333,138.79490998970732,143.97831977599333,684.2316303059396,276.2054034890193,698.0052848593799,108.16681793704879,370.19230648750283,254.167556203515
5.25,117.45202248798671,270.66724655399025,501.6078565175301,281.3382419436998,715.0277643117208,107.93456686091986,376.22366068844303,284.00599079112726
5.266666666666667,110.90683268881344,150.43184073675127,113.66402754251851,282.7771937145942,692.6749468205813,111.83111278488036,372.84034379079424,249.69085547013344
5.283333333333333,112.35229568096577,320.24793848911645,464.3276950351685,284.2796495040154,667.2916114510957,119.85318557212508,669.8607749500314,256.0188510157218
5.3,105.04372803213766,161.7701919947034,131.0740710999686,281.50977010672534,662.093069683718,120.121643086174,81.61641927108997,255.4794270388944
5.316666666666666,104.17943929746355,321.7258875388169,459.36397886315365,288.2664743913243,665.2680597708003,118.39560764251598,361.55954043202166,275.3974693345964
5.333333333333333,730.40625,205.875,73.42708333333337,239.0,749.7291666666665,114.78125,76.1875,227.95833333333337
5.35,84.22074381510424,310.79239908854163,698.0360514322917,295.9659423828126,66.42899576822924,112.11787923177076,395.57633463541663,287.0700683593751
5.366666666666666,103.00043967697343,334.96599078840677,108.76789272493772,300.361272500621,734.5365484290655,130.22140758567377,68.39572138918766,285.94263988071
5.383333333333333,104.66102308222219,287.2821834190313,110.34023710243446,284.4425764089251,723.6953512853577,131.10379786319436,73.42534597105487,290.1217904291374
5.4,89.56266992366966,271.7808131197214,109.13580743636408,277.37313812334844,718.6992328317042,129.1765255272336,69.98953241097524,274.57697562153487
5.416666666666667,85.99510516915859,269.4406654009184,99.81890660024328,274.9701859733524,69.40654345185692,128.43789080385397,66.64178316563994,274.9701859733524
5.433333333333334,107.59434491169225,132.7132793909874,504.4886438119769,267.7675894334453,697.4233724440597,83.10149202845173,479.6827501307092,292.5734831147131
5.45,114.609582277644,309.8428639587903,510.85968877113066,293.55861300700315,714.4128256684697,117.1458943626426,377.8716393315359,279.98840388051383
5.466666666666667,105.41876941678015,335.11207759393653,506.53948547500227,295.84151797984475,80.17340966486415,127.53911963373764,472.8790058057808,301.451597924715
5.483333333333333,92.27836243653474,149.81690780023246,681.7522166698687,274.7744990202019,67.8301380674103,79.18870406720623,467.151136096443,293.789784640632
5.5,19.55053742726645,382.5170825123787,17.90547529856363,380.8720204234123,58.20949745178223,372.6467099785805,33.533565521240234,372.6467099785805
5.516666666666667,24.896989345550537,380.9328668361268,24.896989345550537,379.2108932749834,66.2243548129918,368.8790519081231,60.197447348989954,373.18398581098154
5.533333333333333,29.198454917872027,379.3422694316869,26.605089584546022,378.4778143205781,69.82784513997922,366.37544276505696,64.64111447332724,372.4266285428175
5.55,32.66767198730662,379.4824057094642,31.791820251198033,378.6065539733557,74.70855532052099,364.5929261956175,69.45344490386918,370.7238883483779
5.566666666666666,34.8750492997699,380.50868754722137,34.8750492997699,378.73923610281247,77.34188396558395,365.46835026974566,72.03352963235719,371.66143032517687
5.583333333333333,40.15165200185305,378.8891383614087,37.511082677158356,377.12875881161216,78.88000209737538,364.80610196303684,72.71867367308778,369.207050837528
5.6,39.668364207969745,379.90180787171334,37.92238229365134,378.155825957395,78.95295728013369,365.9339525571662,72.8420205800193,370.29890734296214
5.616666666666666,43.19197822145469,380.0420490948117,38.809439999631934,378.2890338060826,81.75831457349503,365.14141914061423,77.37577635167224,366.89443442934333
5.633333333333333,44.461801551937924,381.0535851384912,38.35770473663058,378.4375436462166,83.7024239360565,366.22935001560194,77.59832712074922,367.9733776771183
5.65,44.5236472594172,382.9562188312368,32.19176221384393,382.9562188312368,86.80439598709708,367.98178699018354,33.953460077497255,370.62433378566357
5.666666666666667,48.19564247131348,383.4603056907654,45.55833578109741,382.58120346069336,92.15075397491455,370.27377223968506,90.39254951477051,374.66928339004517
5.683333333333334,48.46950341993943,383.61998636927456,41.48347373516299,382.6219821285922,90.38568152859807,372.6419397217687,45.47549069789238,373.63994396245107
5.7,50.071768040722446,382.77061068982664,41.98247585550416,380.7482876435221,92.54055201311826,373.6701569814561,36.92666823974275,374.6813185046084
5.716666666666667,49.829839746608855,384.8502065567785,31.537098324347113,384.8502065567785,95.08030537009842,374.2596720491532,44.05318456063142,373.2968961848237
5.733333333333333,49.45093479219008,383.9296226523237,33.011936498354856,378.4499565543787,92.19233035616162,375.1621568956116,36.29973615712191,374.06622367602256
5.75,47.65051129741113,384.1024675888116,37.927983619965914,381.9419058827127,91.94202627243953,374.37993991136636,85.46034115414272,376.54050161746534
5.766666666666667,48.708374212836276,384.2749538382975,37.927983619965886,382.1188757197234,92.907975643605,376.7286804232882,88.5958194064568,378.8847585418623
5.783333333333333,48.78470022045184,384.4486613039053,36.84231195991731,382.2773179838082,94.38290994249286,376.8489596835651,91.12589496234705,377.9346313436138
5.8,48.303357511797515,384.6235986319405,41.74320771047849,383.53024033172056,94.22440612103065,376.9700905304016,92.03768952059102,379.1568071308413
5.816666666666666,47.87199349491391,384.80084226264023,40.11758465180199,382.58529687889404,95.50621924545834,377.0464334195283,91.07512847796585,378.15420611140144
5.833333333333333,47.59249496459961,384.4639205932617,35.09333165486652,383.50244653224945,92.78177769978845,379.6565502882004,47.59249496459961,382.5409724712372
5.85,45.97657990428468,384.6423191006761,29.25171983418599,382.4123377579963,95.03616944324074,379.06736574397655,87.23123474386136,377.95237507263664
5.866666666666666,46.556669045062335,384.8112282099453,36.42008088001842,382.55865306215765,94.98703472249446,379.1797903404764,91.60817200081311,381.43236548826394
5.883333333333333,47.1288869262325,383.85679848118906,38.08228995818928,382.7259738601836,94.62352100845936,378.20267537616206,88.96939790343237,381.5951492391783
5.9,44.86958436617442,384.0397016333903,8.758290316490218,377.2688339990745,95.65109162354292,377.2688339990745,34.713282914700756,373.88340018191667
5.916666666666667,46.60032128344224,384.218230369842,19.821010815689306,379.75501195854974,93.4641146020098,379.75501195854974,44.36871207779612,378.63920735572685
5.933333333333334,45.49023735851452,383.28575987290276,9.967551760828002,365.52441707405944,94.33393005533347,379.9555080981196,38.829733808948305,371.07483669869805
5.95,46.60032128344224,384.57823795834713,9.050973676329534,360.2816012713919,97.40237981071229,380.16066765162816,33.347610363284815,364.6991715781111
5.966666666666667,48.256910148461884,384.745541570122,10.327118711833805,362.43389954857616,98.45810469694021,380.28321316581287,35.98550703661164,366.8962279528853
5.983333333333333,47.11763282209313,386.04088055272064,10.042776008336574,363.5712703625651,97.67425574994309,382.6704390241973,34.75934721750764,366.9417118910884
6.0,44.23487949371338,383.5653233528137,2.974295139312744,309.68009090423584,93.17185163497925,378.76758098602295,27.922555446624756,362.4552569389343
6.016666666666667,46.15397644042969,384.85612220247276,16.109520456986502,328.10548312263563,94.0025544881355,381.5178493154235,32.800884892232716,358.1499391060788
6.033333333333333,44.96895476616953,385.03705398492514,13.30589283700374,312.66434100397476,92.46354765991822,381.64458306394306,18.960011038640488,362.42058117837814
6.05,44.93458280737542,382.93525701866247,-0.7566555896403315,314.3983994231388,90.62582120439112,379.5084141388862,12.950715929464394,358.9473568602291
6.066666666666666,47.1865160962908,381.989445037318,-0.10408297093295005,330.19497939226335,91.09921523014145,378.6115451039449,17.911383340390387,363.9739787259946
6.083333333333333,47.77231563714514,384.4461745054621,-5.6842977900660685,352.59968139988956,90.99255628042232,378.7593007366099,14.788447777802077,370.7976774602167
6.1,46.05917268221674,384.6277768221041,6.33366591676625,350.5773424517181,95.9998097587831,378.95270442703986,22.22386862294644,373.2776320319755
6.116666666666666,46.59453595698554,383.66761442713835,8.873870440474974,353.9483022020089,93.45960523507435,380.23846301654646,34.02098078481535,372.2371097251655
6.133333333333333,43.157570724820005,382.7065143735838,19.13006938595612,358.6790130347199,94.64507359381406,378.12984745189544,45.44590418566423,370.1206803389408
6.15,43.14416252094787,382.88975982650305,25.964901309776337,359.9840782116076,88.95552575073862,377.1633394227791,83.22910534701475,368.001066776821
6.166666666666667,47.3940269947052,384.47253918647766,24.496579964955657,338.67764604091644,94.18446222941083,384.47253918647766,71.28701519966125,375.5126687884331
6.183333333333334,45.65183031062287,382.80811881739646,25.818783856617927,340.80872632656246,94.6511215499292,378.14151965174824,85.31792321863276,365.30837194621563
6.2,46.470991638772546,380.68559092540363,30.32132289534883,348.3862534385562,97.22709340381857,377.2249476232414,90.30580679949412,364.5359221819799
6.216666666666667,46.59518953072023,380.8751264838635,45.447555948663705,359.07008842478876,95.94343355915254,377.4322257376938,99.38633430532224,370.5464242453545
6.233333333333333,45.896550776604556,379.9026078893033,51.65783386523691,358.00973215250036,93.13907210338982,376.4458380361239,104.66163828065447,371.83681156521794
6.25,43.88418072901996,378.95205244220915,61.02667038788391,354.95256691979955,91.8831517738391,378.95205244220915,106.73997614485452,373.2378892225878
6.266666666666667,46.245737247129114,376.8607189259654,67.91449706372288,356.33242015235027,95.2855620952098,378.0011799689441,112.3924777398891,374.5797968400081
6.283333333333333,46.4445383176093,378.1944123819877,74.80988713436878,358.90597518659126,95.23293828243564,378.1944123819877,117.92521733584326,373.6559565713063
6.3,46.730684854012736,377.2104893449064,82.15274520501976,361.21342983154847,92.43656917789275,378.3531364530034,123.28804109651179,374.92519512871246
6.316666666666666,47.59018088429758,377.3622471639506,90.16745502328803,362.40266435835935,91.31819216217968,377.3622471639506,129.29251774560356,375.0607728861673
6.333333333333333,43.88643964131674,381.6524361371994,99.81122080485028,365.26068925857544,89.20479679107666,384.5450973510742,148.0222390492757,375.86711370944977
6.35,43.78262372639921,378.54343738625175,106.3886824690756,368.10909426247235,94.7949678870985,377.38406592805404,153.92291225518176,376.22469446985633
6.366666666666666,44.33740108432585,377.6603224083277,113.61734652795798,370.8459015450196,94.30982074858508,376.5245855977764,160.18255576056322,375.388848787225
6.383333333333333,44.45760174530582,378.9797568841599,121.52743731482414,372.1794772750849,97.72645868306111,376.7129970144682,167.9960146435042,374.44623714477655
6.4,46.28232683816253,379.1630733409068,131.10942309699618,374.6389615404357,99.44064049369831,376.9010174406712,176.35054110170756,375.7699894905534
6.416666666666667,45.45255657690666,380.4757947459019,137.43486810854972,374.79787428098564,101.0961771330858,378.2046265599354,182.85823182787965,375.93345837396896
6.433333333333334,47.09050355477413,380.6554476981122,144.84610687164255,374.97198238899193,100.5150774605045,377.2453685126401,189.17713628278054,373.83528932716786
6.45,47.8050994127324,378.57063162707857,149.8951775666686,375.1676290219474,101.11880689312127,378.57063162707857,195.26854563508473,374.0332948202371
6.466666666666667,46.5976538269274,377.6135371443855,155.60008102253636,375.34265324447694,102.23430937468618,377.6135371443855,199.8823170707525,373.0717693445684
6.483333333333333,46.190158791177225,376.67117022327466,160.63181309152924,375.5380845371326,97.17901466757166,377.8042559094167,204.82215485107105,372.1388274787063
6.5,46.55899477005005,379.312748670578,169.09238147735596,375.1590745449066,92.2494101524353,384.50484132766724,214.7827968597412,371.00540041923523
6.516666666666667,46.695515370432986,377.67488174620667,170.93306452114484,375.37418639156385,93.85977014061064,376.52453406888526,215.79662393667968,368.4721003276354
6.533333333333333,47.5959095729458,377.9355073918498,176.4623723998323,374.5442846858791,96.20343502519245,377.9355073918498,225.069897852079,365.501024136624
6.55,49.151323893490314,378.15242642235864,181.04140618380575,374.7992887370117,92.74211380300136,379.270138984141,226.8676212168815,365.85758824275297
6.566666666666666,48.77802536211385,379.4555602941339,184.85598233154877,376.10938102439366,94.50914204856326,380.57095338404724,229.47170592808476,367.1862363050865
6.583333333333333,47.586929323226826,379.57755641334313,185.45888279567677,376.1872624754959,95.05104445308663,380.7076543926255,230.66280196697184,367.14647864123697
6.6,48.05624003190832,378.6563168740795,187.4699385014847,375.2834048143317,95.27700886837772,380.9049249139114,231.31779527820623,368.53758069483604
6.616666666666666,46.848217084728105,377.7455647407589,190.02130712089837,375.5084852089437,96.0639667846616,381.10118403848156,234.76289775720159,368.7972466134981
6.633333333333333,47.3299319643817,377.9522870558934,193.1073954740531,376.83948199093413,96.29335482259191,381.29070225077146,238.73240313738532,369.049846536219
6.6499999999999995,46.944416733137246,375.87406382727863,193.3091185601694,376.9913516274851,97.2223677424231,381.4605028283104,239.11791836862983,370.2876248262469
6.666666666666667,45.59488232930505,374.29887068271637,197.87405904134113,384.45081615448,97.48260180155432,381.0668343305588,244.1218090057373,376.5548585653305
6.683333333333334,46.627037351058505,373.3405164552387,194.5385475746977,380.11508944258094,95.17814376034465,383.50237593625207,243.08965398398385,373.3405164552387
6.7,46.310581874598995,373.61203966457026,196.37194946836684,381.45106632991633,95.58446377106009,383.69078823430095,244.52597041263567,375.85176156895477
6.716666666666667,45.65331973371269,373.7793626388725,195.86123163177137,381.6260446036964,96.09627522186673,383.8679537365033,244.06227798711853,376.0212717716794
6.733333333333333,46.64428078960782,371.6149022712737,196.7867854265898,381.7749213820469,98.57326735578204,384.0327034066632,245.32909895583964,378.3882483451226
6.75,46.33711549829502,369.6747586479478,196.37130612945737,381.99099817737147,97.84138989406716,384.2303144554486,245.63626424715244,379.75168189929445
6.766666666666667,47.88675953887349,370.86384871260043,197.85561855498935,382.13970277396254,97.5005174088667,385.5224589923712,246.34179101884644,379.8845319616901
6.783333333333333,50.88342236565467,367.58501424487946,196.92789325746037,380.0384187395295,100.69704034425507,384.56692946485674,246.74151123606072,380.0384187395295
6.8,53.36865821689858,366.7899543632019,197.09580526097815,380.26437439858444,99.40626000445533,383.63297940743007,247.62488039366238,379.1415060623025
6.816666666666666,53.835788989609654,363.58034926525545,196.57932968833293,380.43982257612834,99.918349372662,383.8117172383029,246.03378473355977,380.43982257612834
6.833333333333333,55.61650403340661,362.47015738487244,197.08059183756512,385.2869465351105,101.25008074442542,386.4277859926224,247.27752621968585,383.00526762008667
6.85,62.37463756006525,358.0605454973411,194.84125035124214,380.89961666823365,101.20105855058262,383.1835237853229,246.2291604857504,383.1835237853229
6.866666666666666,62.56017713360319,357.31462344024,195.07599764037656,381.0995143004301,101.06904805010146,383.3647420014006,242.6457793607567,384.4973558518858
6.883333333333333,67.05551486976981,351.60150460115904,195.9470263584011,381.25795857199455,101.2745002207339,383.53922426205884,242.7129730047186,383.53922426205884
6.8999999999999995,69.77537839453271,353.0815982465072,196.8712842716485,381.45122009407766,101.54935486381169,382.5860049679805,244.53224897556697,383.72078984188335
6.916666666666667,73.35399563481656,349.9290794281136,196.7888627628629,381.637118690364,103.92960492341518,381.637118690364,244.35092165623854,385.03440861131946
6.933333333333334,78.12604337901018,344.2846237781929,196.37318686799335,380.66836023634164,111.09880454420738,381.8053520006588,242.9898492049964,385.2163272936102
6.95,82.02890085125114,345.5648498565695,195.83911163494986,379.7079130916792,113.89575987068679,380.84601519951616,241.3631959484294,385.39842363086404
6.966666666666667,86.50795504517993,344.5690105122121,195.87245447014044,379.8846301181891,116.12750697277335,381.0238436538657,241.44099589720724,384.44148426089566
6.983333333333333,91.21611098559362,342.5599507038722,195.8062599336435,380.0759823917596,120.7741965578686,380.0759823917596,242.417087182231,384.62338017210965
7.0,96.30271911621094,339.34580421447754,196.99209594726562,380.5369129180908,124.90765571594238,378.2485179901123,249.62517929077148,380.5369129180908
7.016666666666667,100.78117950260639,341.24241766217165,197.77677628817037,378.4616582891904,131.23328547016717,378.4616582891904,244.0188631277997,382.9730813954957
7.033333333333333,106.52123846708639,339.9928547925175,196.25268407055563,377.47561055092865,141.73231205832116,379.7472927181052,241.68632741408436,383.1548159688698
7.05,111.57151625378282,342.4065170951425,197.97973931191,377.65197650043115,150.2278265692608,379.925877107224,241.18385084097355,382.1997777140168
7.066666666666666,115.10977443674034,341.53603951910463,196.8003199175908,377.84294862170486,153.68586535825307,381.2467213500736,242.18395629584103,381.2467213500736
7.083333333333333,124.13331776350964,341.67897138172157,196.818047900551,378.0213364502424,158.20428501524776,381.4284331754161,243.3817031445932,380.2927342670249
7.1,130.65332748783112,342.06354520641366,197.31602525393748,378.21958467277636,164.5496144875462,383.8689658393955,242.5110745868909,379.34946090610026
7.116666666666666,136.51566384295768,343.08749554286334,197.96095949063454,378.3616467480111,170.65193920277812,384.05102597464787,244.61386914905586,381.77527428399327
7.133333333333333,142.7273103032896,344.36871707573675,200.8156499658747,378.5383286419634,176.89692186951615,384.2332639030011,245.23614500196928,381.955289798586
7.1499999999999995,149.3822926340897,346.6782524668769,200.84317919394323,379.8419349165603,183.68955034065874,383.2726606872172,243.15546369871169,383.2726606872172
7.166666666666667,155.80635833740234,354.68737947940826,203.71504497528076,378.6417236328125,200.29299592971802,383.20445585250854,248.20168256759644,385.48582196235657
7.183333333333334,160.8993283365853,352.5563963894965,196.2950354364002,373.10874244745355,202.0040204524994,379.95952446677256,240.8251185619738,382.24311847321223
7.2,167.93158248703128,361.97789422026403,178.15507005858586,371.06543872831253,214.5052480907798,380.152983236361,237.22410936090108,381.28892629986717
7.216666666666667,178.1251184348411,364.41506893757156,181.53627558355316,370.10033085209164,225.8813185168098,376.92264514951574,234.97773758004195,381.4708546811318
7.233333333333333,187.76341402430097,370.27133287061434,184.34892566743582,371.40949565623606,234.42808823479055,377.1003095843444,238.9807393772773,380.51479794120957
7.25,192.28938947649965,369.3043390976739,187.73229238563158,371.5828876431081,240.13890893061495,378.41853327941027,242.41745747604904,381.83635609756135
7.266666666666667,200.09492021752948,369.391119755166,195.50555852323475,375.1278218730344,245.9885371604762,378.56984314375535,247.13587758404992,379.7171835673291
7.283333333333333,208.84072987940172,370.81437090071734,199.73707661618292,376.5041541902291,255.49695285339814,379.91802416393614,247.5312562480817,379.91802416393614
7.3,220.21362874363285,372.12346557162454,201.98854164441548,380.0969411775321,265.77634649167624,380.0969411775321,247.55125939245892,382.37507706493426
7.316666666666666,230.46524023694255,373.3734925264429,201.78692439363826,377.9620230613716,276.3505455862294,380.2562883288359,240.78943394053212,380.2562883288359
7.333333333333333,236.9234218597412,375.0510687828064,200.54105949401855,376.18801760673523,286.94917011260986,385.2836081981659,238.06037068367004,383.0097105503082
7.35,244.89816300023813,377.4357190138544,202.53321811446222,378.5807175242808,294.1330989485723,380.8707145451335,236.8831734272535,383.1607115659863
7.366666666666666,252.32877284030133,377.6351712690275,203.19600900025836,377.6351712690275,301.46153668034424,381.0630385136817,234.0468142021458,381.0630385136817
7.383333333333333,258.57804709280316,380.12573106397156,202.87659916992556,377.8522025773235,310.8692022857086,378.98896682064753,236.9795264696465,381.2624953072957
7.3999999999999995,267.14499217216047,382.57271600864647,202.08841302465208,378.00734203338266,319.6467928876936,379.1486855271987,242.03543530820986,382.57271600864647
7.416666666666667,273.3963277707967,382.7596890272867,201.6409038324967,378.20378909469633,328.0671269618824,375.92583912840104,243.78297820895858,381.6207140441391
7.433333333333334,281.7989099371207,381.81077493305054,201.59307578144663,376.1624767530735,333.7632531929095,375.03281711707814,244.52014194927224,378.4217960250643
7.45,289.1626580526181,381.991696984128,200.96315815239055,376.3378828879595,340.04698491813394,372.94559443025844,245.06290810250428,378.5994085264268
7.466666666666667,296.3792769143339,382.17169145633017,201.88217900815926,376.54686420001036,345.8777567699491,372.0470023949544,248.00576250998256,377.6718296512743
7.483333333333333,301.94574109487405,382.35131240484736,200.90895755392253,377.8607886919161,351.34150193711696,372.24763405075225,249.1820874679327,380.10605054838186
7.5,311.976546605428,386.8500089645386,199.94628365834558,380.0602958202362,360.63615576426196,368.7441072463989,246.34265518188477,381.19191467761993
7.516666666666667,312.2975782630383,382.460565506015,200.2753233319673,376.74514433606237,360.3071160906402,371.02972316610976,248.28486115956918,381.31748127202445
7.533333333333333,316.23586066295877,381.51701868103396,200.539047599819,377.0239385620771,362.2899318822667,371.40758841338106,249.9629289083448,381.51701868103396
7.55,319.52641659236326,380.5754299000013,201.82781896328572,377.21261282488484,365.4849166189555,370.48697867465177,251.14913606499437,380.5754299000013
7.566666666666666,324.9184726495752,380.7538606237136,202.24735009741283,378.52347657731053,369.52615357763426,370.7171324149003,252.4309911414793,380.7538606237136
7.583333333333333,328.0467823045032,382.04085102744244,201.56669090356422,376.4934785975767,372.4257617434292,369.83663168173774,250.3835682863828,382.04085102744244
7.6,329.454753099935,381.1022941197527,200.96184311860867,375.5156458596951,373.0306095283848,369.9289975996374,249.00701815510462,382.21962377176436
7.616666666666666,332.71167628845836,382.3980255277252,201.1403812673493,374.59294870443904,375.0820933291545,370.1329048054184,249.08585318182122,381.28301455297
7.633333333333333,333.8713312573199,382.57660150415086,202.17154864341677,371.41560297754893,377.3992255110675,371.41560297754893,250.16384230780517,380.3444017988304
7.6499999999999995,334.47297883414444,382.7553518711785,202.64458315128252,371.5834539319528,380.2777603849695,372.70064372587547,249.56655449603,380.5209722833333
7.666666666666667,335.34100699424744,386.5128610134125,199.49457335472107,374.06027126312256,382.88725876808167,371.7961640357971,252.7010931968689,384.24875378608704
7.683333333333334,336.3790913138073,385.56390933311195,203.0739743192098,372.0074567573902,381.5672665662132,376.52627428263077,249.39185395292589,382.1747961891815
7.7,337.277118038794,386.8676477633983,202.4076252505464,372.25678604467157,384.4814405146808,376.7524358042798,249.61194772643307,381.248085563888
7.716666666666667,337.4536897319282,387.04819815047233,203.1693393455582,371.2500392814876,384.84816633888215,379.1491187159801,250.56381595251227,381.40599855440644
7.733333333333333,339.328178308668,387.2294758523381,203.3699019093246,370.23469130242023,385.78058941177693,380.431562032371,249.8223130124336,381.56454766903215
7.75,338.6699899975265,388.5410118377457,202.99385357606266,369.32022584470485,387.28727221521774,380.62657054649355,250.480501323575,381.7572050166724
7.766666666666667,338.27774595892197,388.7226420822227,205.46062968513328,369.424428606544,387.09087416210934,381.9115079143361,249.7330017763962,380.77631888635494
7.783333333333333,337.3071815116589,387.7652420585018,207.37432114953992,368.3892891974841,386.3169446307038,382.0664323934966,250.68527460357961,382.0664323934966
7.8,337.79191424781317,387.94722553120266,208.1286899484574,365.1992914435964,385.56257583178643,382.2602420093011,250.21236801052902,382.2602420093011
7.816666666666666,336.81488048209974,386.98796358899517,211.19724519302648,363.00641503380837,385.91995609510116,382.4200495784834,247.74055727712053,382.4200495784834
7.833333333333333,339.402026494344,387.99626648426056,211.34677696228027,357.1258034706116,388.56609551111865,383.42286455631256,241.07388846079505,387.99626648426056
7.85,337.3784147502205,387.0437070311891,217.17448376739537,358.6937233088247,386.1403867526873,383.6417089845054,247.79246618754894,382.5077096356108
7.866666666666666,337.1675894318164,386.07000690666223,220.32772731823394,356.2872969561412,386.4236097346012,382.6335403739098,250.11043726875494,380.3425626854082
7.883333333333333,337.7738930974258,386.25234546292495,223.1131445273985,356.4405508347178,387.0780149825375,382.812523005824,249.48511669850484,380.5193080344236
7.8999999999999995,338.2781932403675,386.43780138559976,227.28807227196248,355.5436440026417,386.3357713916356,384.14934528315837,253.60531745003786,380.7166611294964
7.916666666666667,337.9248122626346,385.4617435704228,230.75818966753457,356.65351169001957,385.17031254649584,384.30941429520664,253.8047751718571,380.8524264695582
7.933333333333334,337.95407062313814,385.6440456627909,232.98970231670802,356.80768074344206,386.3991636876443,384.4905910660171,253.75188505863923,381.03022727569515
7.95,338.5589584341417,385.82652578454633,234.64666687906592,358.11658136985943,388.20594217712244,383.51736374998904,257.7382872246384,378.8990396808746
7.966666666666667,338.00760089757017,386.00918410954546,238.61666664648595,355.9607621266596,388.8587765609156,383.6977670339388,258.2637117891421,380.23064142052885
7.983333333333333,338.03130195156814,386.19202081181515,244.3274920383655,351.4869060291476,387.775299806725,383.87834649297065,260.5232122702771,379.25099785528164
8.0,337.8399896621704,390.0539598464966,247.45599937438965,343.14581298828125,392.75684452056885,384.3334541320801,262.32931423187256,382.0452518463135
8.016666666666666,337.5465623548953,386.75195992935915,251.50853634497616,350.709003087366,391.02965960430447,383.26393184787594,270.1113527795533,378.61322773923166
8.033333333333333,338.56660051495464,386.9459758142626,256.6917551574667,348.89147022557097,391.61227497191874,382.33330847017874,271.6829240257391,376.56747429007396
8.05,339.15782374631306,385.97636971483473,262.9744873627019,345.57611557201074,391.10100764422964,382.51349078830697,274.5174171177945,376.74202591076073
8.066666666666666,338.5919496508973,387.31552992470307,266.95589633682164,349.18666283817896,391.7412795290825,382.6938490657304,280.82093891373955,376.9167479920147
8.083333333333334,339.75752492612156,387.50057769347063,272.67770874791785,343.5517326111992,390.6456613371727,382.87438347428406,285.39974285068064,375.9350921455043
8.1,338.58657598648745,387.6852414519757,277.41670598166525,344.98174729766595,389.36910957539646,385.37694447066167,291.26648786954956,377.2979050360625
8.116666666666667,339.2045075392245,386.69254976921576,282.25082988442693,342.5243915879442,388.02194552905104,384.3679098649382,299.6856291665078,376.23167019996714
8.133333333333333,339.7760193516287,385.7230512056215,288.7400712578421,342.8064584903919,387.33224371174794,383.40323538317676,308.4585057486233,374.1239720933973
8.15,339.19365836055715,387.0705662924262,294.0511242058343,346.5580356407519,388.96619601832833,385.91306541666415,320.67364434836315,372.0230549075186
8.166666666666666,341.5005569458008,388.8447287082672,305.047960917155,351.2529903650284,392.762020111084,385.42729794979095,342.63970057169604,380.87072360515594
8.183333333333334,337.25908287974505,386.6509873489849,312.8026768475587,344.7257198652369,388.50107647099264,384.32180582211004,385.0073041806803,376.1696704780479
8.2,335.5898171638903,386.8423373450282,313.5760379014039,346.29063870360596,387.72771541714746,383.36647746147776,337.9070570862573,368.3044179660924
8.216666666666667,334.415356695425,385.8670146823914,317.0190853055849,364.9914890145833,385.4444194389557,383.54751183041265,380.8054137349984,376.58900327447657
8.233333333333333,336.1910844952521,384.89725183229035,324.6176373425875,369.8517705338265,382.4848731059104,384.89725183229035,382.4848731059104,375.6384941101588
8.25,338.42185513173376,386.23119333638533,329.12580016780146,367.63908340852083,383.74012308090346,382.74517272491073,384.90212995139495,372.28711089048704
8.266666666666666,341.44006584832533,384.1100201501879,335.65981926964736,372.54952699283194,384.2138905305423,384.1100201501879,387.682038477749,374.8616256243031
8.283333333333333,338.520589744329,384.2917818101814,340.83494628462,371.56282083858105,383.6505422800031,384.2917818101814,391.7507901710216,376.191533919163
8.3,339.2652972443542,383.3366012117045,346.1727700727373,367.21916461214374,385.31511610024165,383.3366012117045,395.6763253428163,376.42912838332126
8.316666666666666,338.7637353440348,383.5275854152724,365.1874328244371,368.5924520567841,385.8668482438824,383.5275854152724,400.8019816023707,376.63444694212393
8.333333333333334,335.5601511001587,384.10963451862335,370.79958041508996,369.3318088054657,391.261184533437,386.38314616680145,408.3125212987263,378.4258553981781
8.35,338.0201603996878,386.58740697894245,379.8644864194697,366.2307078341837,379.8644864194697,386.58740697894245,416.0541737879297,375.2781296762987
8.366666666666667,338.2921242215409,385.5656789355237,384.5397792067174,370.53519106534134,381.07120508282924,384.40948756089426,421.5379031948586,377.4723393131178
8.383333333333333,338.25147686852665,384.5912715563194,390.330897918118,373.01806687863245,382.22965464373726,384.5912715563194,428.5224733544851,378.804669217476
8.4,338.2073992335237,384.7732330751777,394.97148174688584,372.0302757762596,382.22852444796786,385.9316837387156,438.99260696133,378.9809797574876
8.416666666666666,336.4188147617916,384.9542409913555,402.5149866535962,376.8371672502567,387.44042113441276,384.9542409913555,450.05784713717503,379.1563311762849
8.433333333333334,336.8835251602994,385.1667083407798,409.3397040321073,375.9659237221375,388.63793864016225,385.1667083407798,454.19352904798836,379.41621795412846
8.45,337.0052457453879,386.5052135982588,418.4927550879697,378.47123380391974,389.7999701081874,385.3575021990674,465.5489224548128,379.6189452031109
8.466666666666667,338.0913124893492,385.53795291710446,424.2537283221917,377.49612743937246,392.0864264112638,385.53795291710446,472.5046811885835,378.64495965047706
8.483333333333333,339.55077255050224,386.8574551478518,431.82757856939924,378.78323462119835,392.609936011368,385.70399507261556,479.1194416540839,377.6297745459621
8.5,337.46994066238403,384.76219165325165,439.0846495628357,376.85882568359375,382.6320335070293,387.02029621601105,489.8920040130615,372.34261655807495
8.516666666666666,337.7262955471524,387.1391003012832,444.7533401156834,381.38495812017936,390.6644036133075,384.83744342884165,491.9373060007347,376.7816443752963
8.533333333333333,338.12161185812965,386.18916110624843,449.17964655714377,379.31959194960837,388.49845234015675,383.8993047207017,493.83184607530416,377.02973556406164
8.55,338.0455814703282,385.22312794359584,453.7962564281995,379.4928965100379,387.32557179892694,384.0770816568843,498.49206160995186,373.76266507647995
8.566666666666666,338.4568822617018,386.5633529712687,458.1747911793592,378.582159043425,384.0637047065237,384.28301184902773,501.50127250193987,374.0214767989428
8.583333333333334,337.8066287385627,386.74373151707107,462.20658571238414,378.7547434545321,383.4579890959284,385.60244750813695,506.71666206081557,371.90703940092726
8.6,338.61229834594394,388.0591616455325,466.951022592786,380.0379913801049,382.1557940725511,385.76739871255324,509.3486368529035,372.0168211146773
8.616666666666667,338.2177022012946,387.1033745287694,468.5771056064509,379.09884975827737,381.67083666968006,387.1033745287694,513.173743613478,371.0943249877852
8.633333333333333,338.7045845673569,386.137426715366,471.4805325600333,380.41432550878517,381.0555334960555,388.4266671979983,514.976101730048,372.4019838195719
8.65,337.4727764560967,386.3151558348673,474.9613405985671,380.5864656622643,381.010821767879,387.4608938693878,517.3536478758288,373.7120374551408
8.666666666666666,337.53271293640137,381.64750814437866,472.4686493873596,379.36045837402344,382.13018345832825,387.3651325702667,521.640219449997,373.6428339481354
8.683333333333334,338.0151374973357,382.96524189878255,478.8060553672258,380.67595868138596,382.6561602365691,387.5438083335757,521.1577948890626,376.0973922465928
8.7,338.48461940715333,384.32729834428926,478.55370884069885,380.9109790898126,381.7579966305251,387.7436175987659,521.8270860640705,375.2171136656847
8.716666666666667,338.1066501667186,383.38689308075834,479.02147879070344,381.1140732642425,381.2902266805205,387.9325327137901,523.3414652127632,374.2956138146949
8.733333333333333,338.865875194538,382.450797614337,479.48827802670047,381.3167459785936,384.2279406242678,388.12105579305313,522.5822401849439,375.64648779987743
8.75,339.63446097110614,380.3191903038908,479.68471592600713,382.5964302218568,384.04063937144065,389.42814997575437,526.3681342443074,379.18057034490795
8.766666666666666,340.40155613146095,378.1698227445999,479.8727716882757,383.8858561690594,382.7002034724621,388.45868290862717,526.7442457688444,379.3130294294918
8.783333333333333,341.44791400784266,376.1415798297782,479.0667216624046,384.1029984544222,383.52969816667564,387.51503500784116,525.6978878924627,380.6909619010034
8.8,340.5041060451904,374.0815294399821,481.24228370635296,385.43138247717263,383.6335475865144,386.5663677808917,530.0466517662721,380.89144126229644
8.816666666666666,342.39971992769574,373.16073936081744,482.84583838228605,386.7522992112616,383.17439947902847,386.7522992112616,532.6815578339148,382.22177926111357
8.833333333333334,344.7497533162435,373.76296031475067,482.594716389974,384.1013321876526,384.9545342127483,390.99358010292053,531.989161491394,384.1013321876526
8.85,346.1026294365681,370.40882273879834,479.88952998908167,385.4021822834766,384.16269597305904,386.5555176330672,531.7896207206602,383.0955115842953
8.866666666666667,348.27864886567863,367.49000578717323,479.7464893744352,386.756844482422,383.41229589819113,385.6235010297603,529.6136012915497,382.2234706717752
8.883333333333333,350.72878467459446,365.4489638002203,479.66182064970025,385.8068115857633,383.52753944019145,384.67582004212204,528.2944570262753,383.5448284984808
8.9,351.20813069992687,363.34602639876226,480.2670778429771,385.9879469501746,382.9068194719041,385.9879469501746,527.8151110009429,383.7237548950333
8.916666666666666,354.52150159311935,361.2388242224443,481.44007968404384,386.1692592045902,382.8515413455579,385.0360576144927,530.1677480582382,383.90285602439513
8.933333333333334,358.4058156373014,361.3959674116962,479.7767964907659,384.0821320572035,385.6292132119103,384.0821320572035,529.6863587108824,384.0821320572035
8.95,359.4091356386524,360.5643444572227,480.15785316254596,383.13419820000655,386.492960129993,385.391183574285,529.8115313966705,384.26269088714577
8.966666666666667,362.7835932636723,359.4339231937139,480.9777736305457,383.3000557677941,388.9226908448077,384.43653827132187,529.8465212822337,384.43653827132187
8.983333333333333,369.6663044410419,356.4371997368413,482.385058605617,383.4897007363394,393.33724281560274,383.4897007363394,528.5997478130927,384.61688827798514
9.0,371.83370208740234,352.9057159423828,482.82714653015137,382.6565361022949,395.8632106781006,384.94506072998047,534.3189506530762,383.8007984161377
9.016666666666666,373.8775065522641,355.7093821000308,482.4930308740586,381.73185146879405,398.768564209342,383.99467489216477,526.6180876297876,382.8632631804794
9.033333333333333,377.7667343111825,352.4654125829329,481.9582620572073,381.91084433724427,408.3446826714289,385.3083941550494,529.5239595064795,384.1758775491144
9.05,383.5750293162796,348.1937291592528,483.02967364119127,380.9685551299623,416.34985528698905,385.4892207810948,524.8458309141655,383.22888795552853
9.066666666666666,387.2620040943103,348.225046026404,482.57840724272774,381.13189949431,421.3035766473165,385.67077583471087,525.6977324765355,382.2666185794102
9.083333333333334,391.0035851400534,347.4687513236883,482.44460125686265,381.3357943299139,427.12843101336074,386.9803014976183,526.471757164956,382.4646957634548
9.1,396.3979755961028,346.3574889750465,481.4066513548328,381.4944082886549,432.66834391982763,388.29510234935333,525.6111627493723,381.4944082886549
9.116666666666667,402.96580897759884,340.68055869122384,482.62685238269114,381.64909529955696,433.6922114338487,388.47718473427915,528.1474486141725,382.787110205344
9.133333333333333,408.4266690784885,341.8134336371092,483.8382159054527,382.9470046336351,442.7046449089268,387.5174014110268,529.5421836793705,381.8044054392871
9.15,415.3937067197085,342.09071478925307,483.8073913910545,381.9986975142049,447.32009289967,387.69983790348374,525.995830271718,383.1389255920608
9.166666666666666,425.83583227793383,345.581311583519,484.34209744135535,385.73266863822937,452.22101068496704,381.14394211769104,534.8180909156799,389.1742135286331
9.183333333333334,428.65337498552014,345.72246869816445,484.9201692955879,383.61643221310806,464.25073465107323,389.35794183658436,528.5556424340078,384.7647341378033
9.2,437.09911321388176,343.4253041544748,484.369146973081,383.77777199769355,467.0752321831301,386.0836273030203,527.0274701216265,384.9306996503569
9.216666666666667,443.3039806883231,348.64669281582877,484.3432511371325,378.2861659177466,484.3432511371325,383.98606459119225,525.3825215859417,381.706105121814
9.233333333333333,451.4591775110432,351.277607960364,478.6784201996659,372.826175088857,503.62939266423666,380.76512087303854,525.1779597927297,381.89925598506454
9.25,459.5667483643713,355.0000963505195,466.3366710911863,369.66826225861865,503.5712460886689,378.69482589437206,525.0093347235833,379.82314634884125
9.266666666666666,467.52821164924455,356.35774463173317,467.52821164924455,367.6175343232438,511.44139144613575,380.0033029839055,523.8271601067975,383.3812398913586
9.283333333333333,469.98950381240223,360.8154777771808,473.40166542240894,371.051962607201,515.4849919458252,380.1510602338855,530.2710255891875,382.42583464055673
9.3,479.3211604680892,370.19739495137446,475.93690594156266,374.70973432007645,524.4445541551083,379.2220736887783,527.8288086816349,382.60632821530476
9.316666666666666,479.1893761426543,368.06337019561363,475.791488754876,374.85914497117017,524.4945413130318,377.12440322968905,527.8924287008102,380.5222906174673
9.333333333333334,494.3508644104004,371.6993827819824,485.192813873291,386.58121490478516,537.8516044616699,384.2917022705078,528.6935539245605,388.8707275390625
9.35,498.9750259448774,374.2025590403937,485.2664572545327,383.3416048339568,544.670254912693,379.91446266137064,522.9650211529806,381.056843385566
9.366666666666667,511.2029063381632,375.68701250829645,486.58287254217976,381.2824747346564,553.7284192584982,383.5206596252003,517.917461009795,383.5206596252003
9.383333333333333,518.3861629360314,377.9618083333294,485.40558510402616,381.373592246985,562.7393538135556,383.6481148560888,517.2489016314795,383.6481148560888
9.4,524.0713588520482,381.55017871907864,485.36671386803073,379.27343489648933,573.0213510377172,383.82692254166784,516.1027554729858,382.68855063037324
9.416666666666666,532.6229053668383,381.70553758099595,486.9045998473152,380.5625799430079,581.7700838003254,382.848495218984,518.9074137109812,383.99145285697205
9.433333333333334,538.8996849344417,383.04047638474003,485.2921533846407,379.61871905177395,587.9448733736212,384.1810621623953,519.5097267143008,385.32164794005064
9.45,546.8938100577154,384.3592786901539,486.38372961716243,380.9341797972924,594.8451945577763,383.2175790592001,521.7764181767311,385.50097832110777
9.466666666666667,552.0077658997832,383.4093489190868,485.9266037883625,381.13068815662405,598.7203115302702,382.27001853785544,523.5245063689983,383.4093489190868
9.483333333333333,560.4036516974122,384.73879949454965,485.82285129026707,381.3487631124066,608.9941731747947,381.3487631124066,525.3732757486016,381.3487631124066
9.5,569.765766620636,384.370010137558,484.6331024169922,380.91868591308594,621.5356299877167,380.91868591308594,521.4472274780273,386.6708929538727
9.516666666666666,575.9050118109444,385.72183496603975,485.763461657014,382.29873812475125,626.1104321498424,380.01667356389225,527.9816560329054,383.43977040518075
9.533333333333333,583.0141777769016,387.030567791591,485.9874338136217,381.389478026284,630.3993318054802,380.2612600732226,527.7314980768933,382.5176959793454
9.55,589.814335204924,386.08193921972975,484.7876004631492,381.5646603061051,637.2457637979835,379.30602084929274,526.5724304141779,381.5646603061051
9.566666666666666,594.92935952167,385.13238425277876,485.2783692904349,380.610693933965,642.407107869215,378.3498487745581,529.3648498988696,379.48027135426156
9.583333333333334,600.9554281319787,385.312324565759,485.118851651014,381.93844369738133,649.3143872453911,377.43993587287775,527.854675983797,380.81381674125544
9.6,605.4912770858848,385.492440601701,487.2901284989249,382.11526492778785,649.3945608467557,377.612364029237,528.9419618105203,379.8638144785125
9.616666666666667,612.154520545047,386.79557198661786,486.3349385530683,383.4254046118328,658.2134746671109,376.6850698622624,532.3938926751321,378.9318481121192
9.633333333333333,616.1291678102966,386.97548977615713,486.8132565789167,382.4775450376744,663.3575875643659,374.6061417453295,530.6682177791239,379.10408648381235
9.65,621.0936809742585,386.0328815449816,485.31320957872936,381.544270920336,667.1019398768759,374.81135498336755,531.3214684813466,380.4221182641745
9.666666666666666,626.5510740280151,387.305383682251,482.7228012084961,383.8535051345825,673.7267475128174,374.6484956741333,533.3503532409668,381.5522527694702
9.683333333333334,626.8440679509658,387.4862926816568,485.5089121651836,380.70220520393923,673.2019990487024,375.04879897250794,531.8668432629202,379.57152395765297
9.7,627.5771060489915,387.66572207865045,485.15502218526683,378.694252228967,676.9201902222504,376.4513847665462,528.8909377024736,379.81568596017746
9.716666666666667,629.0120265043806,388.95991574257425,485.0887656025146,377.803073812197,678.1021309980404,376.68738961915926,527.4847649379481,380.0344421982725
9.733333333333333,628.6429464063419,390.25932283312267,485.2600950354786,376.8171805171042,677.9308015650763,379.05753756977396,527.8268790362038,381.2978946224437
9.75,628.8324687986149,390.439273387402,484.87202537511024,376.9429818164485,677.1941802611984,381.441745673433,526.4855910522169,382.56643663767915
9.766666666666666,629.58963074537,390.61994884015445,483.9200469637232,377.0692898837222,679.2753802522882,382.7153977822356,526.8304669924253,382.7153977822356
9.783333333333333,630.2016600195252,390.8008007337787,485.5201451201183,374.976260041656,679.9359307661964,382.8885303877174,526.2118211855765,381.7582060525657
9.8,630.103142981525,390.981277324401,485.72187048364265,375.18957564494514,679.734205402672,383.08542648467306,526.3291033736721,381.9574477932834
9.816666666666666,629.1614625285936,391.1624809325392,485.33109856882777,371.9095975678463,682.3900224192155,383.2348230764892,526.1019103999424,383.2348230764892
9.833333333333334,633.2769527435303,390.7169785499573,484.22834300994873,376.9586453437805,683.7241744995117,384.9843397140503,532.3825092315674,387.2773952484131
9.85,631.4426762644434,389.7840251690941,486.7831181396032,370.57142760563875,682.2995521677076,384.1332611798425,524.0781604686636,383.0031083819922
9.866666666666667,631.9092505762512,389.964474370704,488.6776967984018,367.40832416946785,681.5327810189708,384.325436820395,522.511922100256,380.9420142902095
9.883333333333333,631.3905031766037,389.016190907654,490.27689260368487,366.4380132159869,681.0624940982711,384.5005553693206,524.1441591411854,381.1138287155706
9.9,632.0001580722821,388.06698138653456,493.00876390836993,368.8567886972134,679.4606341282522,384.67694738253675,522.3890586096848,382.4169247132049
9.916666666666666,630.2136862955172,388.24740800100517,494.8937254425754,365.69408119218144,678.703338934488,383.73674263924045,524.2130502940461,381.4814099583581
9.933333333333334,629.8224719718437,388.42856143167177,497.3540257969095,363.51996471501747,678.507456463486,383.89972566500745,523.3948314552299,381.6353077816752
9.95,631.1279951240625,389.74721444832664,501.53623314246795,359.05442871584364,681.1458681695902,384.0633652386075,524.2716299813443,379.51628587083223
9.966666666666667,630.0289695932769,388.7913952745829,504.86217303159253,360.34439605601824,681.2335681866933,384.2398753996125,527.6197724064443,380.82623549338484
9.983333333333333,629.4955883579289,388.9736338633267,506.48454095577637,358.2208720127887,681.8891826218087,383.278677965079,529.2643645487676,381.00069560577987
10.0,635.7454245885214,389.9362292289734,515.8230110804241,352.6018942594528,683.2618525822958,388.8048857450485,529.3991333643596,389.9362292289734
10.016666666666666,631.3476569714841,387.83249933509796,515.4857653896034,362.8426795821433,681.3272964773934,386.6965984372364,535.9319815511118,385.5606975393748
10.033333333333333,631.4803543786195,389.15087650024293,517.4326873264778,358.3580063961647,681.6613278815619,384.58896981815724,536.8207907253419,382.3080164771145
10.05,631.5115392875791,388.1919405497362,521.9188592296617,357.36899928344684,681.741517647458,384.7671692979263,536.7595346541714,381.34239804611633
10.066666666666666,631.4499446874286,388.3742159728062,526.6415764222006,356.4760169355629,681.575686031668,384.9565517902444,539.1730117582606,380.39966621349544
10.083333333333334,632.7038947986817,388.5572256596653,528.617135397521,355.3867199164382,681.8877481420875,383.98198348818573,541.1990513690898,380.5505518595761
10.1,632.8144780445257,388.74097256816344,536.3473510830007,350.8431726904214,684.4932960596284,384.1472998557099,547.8315328641346,379.5536271432562
10.116666666666667,632.2615774958832,388.924898917002,542.5974824371276,348.69101010858594,683.9908631067038,384.3267401960401,552.9433395592918,379.7285814750783
10.133333333333333,632.8554314908512,390.259667159,547.7064229496025,347.6851628883756,684.6352339821511,385.6570180486622,556.911721170278,379.90370666073994
10.15,632.3449936592178,389.2892172473995,551.4741676925133,346.5432092364272,685.4886792944807,384.66802719215923,564.1824403444241,377.7362421092988
10.166666666666666,631.4589885075886,390.01410365104675,555.5428479512533,342.85407531261444,687.8209716478984,387.71361446380615,569.3457825978597,379.66190230846405
10.183333333333334,633.2657939516358,390.18315815430833,564.9208774544824,349.63956362209865,687.7100494663174,385.54960449348437,576.5047616065423,376.28249717183644
10.2,633.230159933004,388.06265123604305,570.9978916795669,351.1842700488211,687.3952823017363,384.60530299974107,583.6748352126745,377.6906065271369
10.216666666666667,633.8108863945704,388.2460977733209,576.1321438455858,350.178127690991,686.8753295396363,384.78537322038176,589.9750420573421,373.24962471058484
10.233333333333333,633.8131394704512,388.42972345760757,583.0062783579667,350.3245776232443,685.7747019718558,384.96561929084726,598.017396413928,369.95450123488604
10.25,634.3904901649114,386.2872111148847,589.1757272216928,349.187918443526,683.0833117960697,383.9685053229248,604.2473148694323,372.37497636312514
10.266666666666666,632.6811805607065,386.48958839042814,593.4652763277905,348.42709310553914,683.4311742738918,385.3361794424012,606.1527747560868,371.495272066078
10.283333333333333,631.4461093580585,383.15804999587084,598.9220045003653,354.1186706586448,681.3938418180874,383.15804999587084,675.585965950642,373.8654486079585
10.3,632.6851039706008,384.5283457083462,604.9502280020392,359.10470940383146,682.3767567476071,383.3727258763228,669.6649385953497,370.66090772406545
10.316666666666666,630.3535506766942,382.3954145730687,609.5320800704133,363.88744070081884,678.9369820913498,382.3954145730687,671.9964918892563,369.67118253589695
10.333333333333334,629.0514570871989,385.1236593723297,617.6175092061361,364.5425524711609,683.9344069163005,387.41044902801514,666.7834850947062,372.5463162660599
10.35,631.5029435561156,384.0450271421578,621.076723629376,372.46033833466936,681.3171054283158,380.56962049991125,674.3662921438228,365.5095250501763
10.366666666666667,630.5445764168535,385.3850724441568,627.1400185184126,375.1713987488339,680.4780922606543,385.3850724441568,679.3432396278406,368.362282951952
10.383333333333333,632.3205542919355,386.65901101976146,631.1707402230446,371.7114281241812,680.6127451853486,385.50919695087066,681.7625592542394,370.56161405529053
10.4,632.4040673987458,385.69994369398864,635.8463513391201,368.48852399211705,681.7434705441112,386.84737167411345,686.3331824646104,371.93080793249135
10.416666666666666,632.2330457234855,385.8657828942412,639.145346848871,372.04118064347017,682.9232539763124,387.0178330818055,689.8355551016978,375.4973312061629
10.433333333333334,632.8999185249295,384.90963186576835,667.389702277387,372.2633778232007,685.7842536120311,387.2089507825988,697.2808481961836,378.01167511527683
10.45,632.5608588018422,387.4096359663798,673.7364062992829,373.68445346723297,681.7427627571185,390.8409315911665,704.6180669223634,380.54704471680645
10.466666666666667,632.7926276306649,387.553444336071,680.019016997694,377.1866759384305,680.019016997694,389.85717064665783,713.4230485012025,381.79412855960396
10.483333333333333,632.1660770667016,387.73342295408554,687.5095021061888,379.6625068024937,680.591573976253,390.0393989973976,726.7110948424925,381.9684828458056
10.5,630.9245931307474,387.2145422697067,691.0909125010172,381.936794757843,669.979923248291,390.38119077682495,735.4239899317424,384.0478937625885
10.516666666666666,632.5160329075055,386.69333893265866,700.7459950954848,379.7546987101523,677.6171943537969,389.00621900682745,743.5342764676074,383.2240188214055
10.533333333333333,631.6071997826582,388.09823288396046,706.8421506815995,381.25869189314756,678.3440632198793,388.09823288396046,749.0193201249455,381.25869189314756
10.55,631.341143419246,388.29137421890607,712.9948432363233,380.35282007002354,681.2406266407933,388.29137421890607,756.0898514731141,379.21874090589733
10.566666666666666,631.2802309641417,389.6059757499779,720.959977365615,381.65966910680936,681.2284441497724,387.3356024233583,761.8266972447675,379.38929578018985
10.583333333333334,630.8492702069525,392.0552462912378,726.0070682654039,380.726936998565,682.9594929532473,388.65675350343594,767.9218126482931,377.32844421076317
10.6,633.2161567041862,391.09693106420866,731.3293823285921,381.9701193782174,683.4136209771381,388.8152281427109,772.4000349155527,378.5475649959707
10.616666666666667,633.3605735700062,389.0068555365086,736.9626149442286,382.1759517096368,683.4538683003993,387.8683715653633,779.0865218766046,376.48353185391034
10.633333333333333,631.0102267780128,389.18585545775323,742.6906124240534,383.4878765982614,681.1524407415411,388.04625968585486,783.7160602123947,378.9294935106679
10.65,632.0763720411755,388.22432152521395,747.2879465390066,382.5207782332421,679.9861356937389,385.9429042084252,786.0720409244151,374.5358176244816
10.666666666666666,631.7344215710957,385.4077364206314,753.8300902048746,380.8434125185013,677.3776621818542,386.54881739616394,794.9090067545573,376.27908861637115
10.683333333333334,630.8329258681041,387.8548202314414,756.8574635405965,385.56346500103245,680.0970633218966,387.8548202314414,793.5191472271398,377.5437216946011
10.7,631.498207657109,388.0741100874766,758.7646419632703,383.52888029082806,680.3594279710816,389.2104175366387,792.8538654381349,375.5747281466929
10.716666666666667,631.9118391040573,386.0173270239786,761.9172293295493,383.7563637157092,679.3920685777152,388.27829033224805,799.2231239159947,375.84299213676616
10.733333333333333,632.3407376613144,387.3509421003407,763.9289678004935,383.9768849172848,678.4528524964114,388.47562782802595,802.1682825417935,374.9793990958025
10.75,631.6949220286201,386.4008901917003,766.7890084595683,385.27510613810904,676.7262841722695,389.778242352474,803.9398822280789,376.2688337093792
10.766666666666666,633.0434717012141,385.4242120582929,767.5514413122688,385.4242120582929,675.9955964509627,388.8151692753783,804.8519707002084,377.51197855176025
10.783333333333333,632.6249832067716,384.53797677975535,768.2750000543912,386.780125818559,674.1047404246386,387.90120033796074,806.3915337140528,380.0536787021481
10.8,632.2459089369055,383.6121870917972,768.7331735762366,389.20592744586816,676.995831769473,388.0871793750539,804.5331118422905,382.49343902098303
10.816666666666666,633.281624924339,382.66496582480903,767.6624967115902,389.38400941417154,674.7157270587413,389.38400941417154,806.8569176495382,381.5451252265819
10.833333333333334,634.7959594726562,384.0196647644043,776.5281410217285,389.78113555908203,677.4308433532715,387.47654724121094,816.8584365844727,385.17195892333984
10.85,633.5395762417465,383.1661343742162,772.5406855996698,390.0022545065731,674.5562970358878,387.72354779578745,813.5574063938111,384.305487729609
10.866666666666667,635.0997893692852,381.24431007431167,771.6914556694906,391.32074447350715,677.6447346103328,390.2011406513743,815.356004732671,384.60312154071016
10.883333333333333,636.4228953998111,381.3790670773174,773.5647966838918,391.49609258188076,674.6427695281615,389.2478646919778,817.4052405369995,384.7514089121718
10.9,637.4460147325209,380.4915220338669,773.8847959172447,391.67502868835254,676.5882880232203,390.55667802290395,817.5004718697385,386.0832753611098
10.916666666666666,638.4638885803706,378.5016441896802,774.2031545295283,390.7404304637846,676.2928643366932,389.62781352977504,816.4825980218889,386.28996272774657
10.933333333333334,640.8692164491827,377.5966922083198,775.2164888733571,390.92038864708087,676.3990736192122,390.92038864708087,818.5185022993305,386.4791565008272
10.95,641.8938659555815,375.53763462879436,775.2609445662272,392.208519455125,678.5698125735091,392.208519455125,818.605245114687,387.7629501681035
10.966666666666667,643.4762976012059,371.2494402310838,774.7486621679182,391.2740382158365,679.0755829074329,390.16156055001693,818.1352911348822,387.93660521837774
10.983333333333333,647.0338632031927,367.9966109428299,775.4841576559647,391.4527516689882,678.3087175047372,386.98491534019615,820.1625209438855,386.98491534019615
11.0,650.4047431945801,366.0015535354614,777.6728954315186,390.47619819641113,681.7322883605957,389.49721240997314,813.8953695297241,391.4551839828491
11.016666666666666,650.8387857209891,364.5321188149974,775.0643380894326,391.63587569538504,682.4598354147747,385.9892596786376,820.237266223412,388.2479060853366
11.033333333333333,653.0169237352618,363.55609241366506,775.1029380036096,390.6863178066312,683.5384273023487,385.03418751642994,820.3199803252198,386.1646135744702
11.05,656.3298227588739,361.4475828718127,775.1404716813179,391.9988925947268,685.7496024920506,387.4727726357766,817.0070813016077,387.4727726357766
11.066666666666666,660.5505456466194,361.506286515079,776.4315374545207,392.18066669952344,690.0888376760844,387.6363140796057,819.6028873437388,388.7724022345852
11.083333333333334,665.2505001842479,358.3501470825812,776.3560941004791,391.22833303738435,691.3263028380572,388.9608719370532,820.5715855569385,388.9608719370532
11.1,668.921700172559,357.2615332510867,774.7833751097465,390.2721630702098,693.9642469318936,386.8572703303005,816.9003855686277,387.9955679102702
11.116666666666667,671.5659632275913,351.94966314768294,774.619967156372,390.4533569232714,697.6125796051952,387.0559721783666,817.6535072585002,388.18843376000143
11.133333333333333,676.388325265403,351.9764816958809,773.0353227337303,388.36123368395704,702.5398657568328,388.36123368395704,818.5162627188254,387.22421018432965
11.15,680.711846018991,351.2128216256966,773.4697567612978,389.67341876275066,710.1228908885029,386.2798366624223,814.1927419652374,387.41103069586507
11.166666666666666,689.304705619812,349.77003288269043,776.1989078521729,391.47924995422363,714.7936716079712,384.52771377563477,820.2253036499023,390.3206605911255
11.183333333333334,691.9986521760002,349.067128935596,774.9399036394898,389.4169269448612,721.1401729604695,389.4169269448612,816.4105293712346,387.175271499902
11.2,695.3310349895637,351.10382833462324,773.4517147799427,388.4658925821957,725.8999966466686,388.4658925821957,813.0781465576711,385.06934128696184
11.216666666666667,703.5175307342693,352.6019816565769,772.2266565653856,387.51973412812794,732.8033876458926,389.7724923520988,813.9026837088496,384.1405967921714
11.233333333333333,711.0672407294963,352.5203081711619,772.3223547907203,387.68528105816085,737.1573819037213,388.81963502225756,814.2934514622995,386.55092709406404
11.25,717.5388187160717,355.14405559690704,771.7086515718631,386.74312476278556,743.4951969594717,387.87166294728115,812.3360262137069,384.48604839379414
11.266666666666666,724.3943575604617,355.3921631738452,770.5684037016154,386.92565809951117,748.0444787547111,384.67326560482076,812.2376648533884,382.42087311013034
11.283333333333333,728.8606495140446,358.9236242580498,769.4433072552931,390.4879136123541,757.043050723245,383.724137322146,811.1532610449096,383.724137322146
11.3,737.524948963922,359.92473250412854,770.5477601464311,387.25395555172213,762.5767367575495,384.976520297756,813.8190299717876,383.83780267077293
11.316666666666666,746.2287994193873,359.11322939056305,768.8863889211257,381.7708188923014,785.8795810474294,381.7708188923014,810.8029294993414,386.3023367926491
11.333333333333334,749.6244700749714,355.69058299064636,774.4527479807537,388.0752921104431,787.4066321055095,384.83682119846344,812.2349100112915,389.15478241443634
11.35,758.2584174111204,365.88103998267616,766.0758932759151,381.51599171226553,800.6961435342915,380.3992094458663,811.8639661982838,382.6327739786648
11.366666666666667,762.0713181934594,367.3972573126191,769.7771430968062,387.21223563551086,809.4070997425898,381.7080749902632,819.3145889040358,393.8172284098082
11.383333333333333,766.6987907515588,377.01623492852434,765.5666483336825,386.0733742715346,817.645199555991,381.54480460002935,817.645199555991,382.6769470179057
11.4,773.9993956547243,378.48738434726135,773.9993956547243,391.7961386003723,820.5800355406127,388.4689500370945,819.4709726861868,391.7961386003723
11.416666666666666,781.3778045373184,378.4115695036971,772.3341767692947,387.4551972717208,826.5959433774375,385.1942903297149,815.2914086674076,384.0638368587119
11.433333333333334,790.496777470768,380.89299214964126,774.751569824108,385.3916229058299,835.4830850326541,385.3916229058299,806.2419851174282,378.6436767715469
11.45,797.2370355153798,382.19118100555306,775.8476717515192,385.56844896826794,841.1415190306725,384.4426929806963,803.9915714408095,379.93966903040985
11.466666666666667,806.2430834159527,382.3659810075296,778.0716994496222,384.619691724836,846.8098763274688,385.7465470834893,800.6088066226866,383.4928363661828
11.483333333333333,819.2737240562383,382.49968503690116,779.5545486642561,384.7693522021573,847.6445636219398,381.3648514542731,803.3860538994454,381.3648514542731
11.5,822.6693614323934,387.8293085694313,779.7756780783336,387.8293085694313,839.627329270045,383.839198410511,801.7212835152943,383.839198410511
11.516666666666666,832.7142886393219,385.74560602306155,778.3568309079371,384.61315898699104,846.3036530721681,382.34826491485,811.1977949539821,381.2158178787795
11.533333333333333,832.5475734140412,387.0670246287498,778.6346896167386,385.9438395496393,849.395349600698,382.574284312308,811.2070569109421,382.574284312308
11.55,782.6311005891399,388.36721555956086,777.0268293356438,386.12550705816244,839.7946673748006,385.0046528074632,825.2235621157106,381.6420900553656
11.566666666666666,782.5137064305584,388.5427595053186,778.0122287879798,386.29202068402935,834.2806993202132,382.9159124520953,816.2747887498986,378.4144348095166
11.583333333333334,780.9929740848754,388.72189545642703,777.6341750015915,385.36309637314315,834.7337594174187,382.00429728985915,828.0161612508509,378.64549820657516
11.6,782.7374284915745,390.01793597183973,778.2683232660136,387.78338335905926,834.1321385855254,382.197001827108,824.0766518280132,378.84517290793735
11.616666666666667,780.5724328754077,389.08137147037706,778.3425173957348,385.7364982508678,831.860488907884,384.62154051103136,829.6305734282112,381.27666729152196
11.633333333333333,783.422298612033,387.0341065384166,778.9717226729888,387.0341065384166,835.7165658958049,383.69617458413336,830.1533459719992,381.4708866146111
11.65,782.3319292382951,389.3957585900555,779.0518569443522,386.1156862961126,836.9998008040108,386.1156862961126,834.8130859413822,381.7422565708554
11.666666666666666,777.9826571941376,389.4179136753082,773.4358270168304,389.4179136753082,820.0408363342285,391.6913287639618,823.4509589672089,388.28120613098145
11.683333333333334,781.3639181121252,387.3198890085332,779.0882828915492,386.18207139824517,831.427892964799,388.45770661882125,831.427892964799,383.9064361776691
11.7,779.5277427205227,388.6343794704187,778.4235373980387,384.21755818048223,831.4253928772764,387.53017414793453,832.5295981997606,382.009147535514
11.716666666666667,779.4943146297054,388.81122485409776,778.389030981711,385.4953739101147,834.7584970294232,387.7059412061034,833.653213381429,383.28480661412607
11.733333333333333,780.1180605165068,390.09069321761467,779.0150705479579,387.8847132805166,835.2675589439597,387.8847132805166,829.7526091012145,384.5757433748694
11.75,779.428826428494,388.05301619319795,778.3213932630501,385.83814986231033,833.6930515352424,386.94558302775414,830.3707520389107,383.6232835314226
11.766666666666666,780.8079808662208,387.13038052984905,779.7096050765197,386.03200474014795,833.5300187718726,386.03200474014795,824.7430124542639,383.83525316074576
11.783333333333333,779.4478827203799,387.3136666265924,778.3584902287635,386.224274134976,832.8281148095818,386.224274134976,824.1129748766509,385.13488164335956
11.8,779.8521494653157,387.4842831508531,779.8521494653157,386.39050223733443,831.2598524006914,388.5780640643718,824.6971669195796,386.39050223733443
11.816666666666666,780.6942486134556,386.5909130223921,779.6094134178576,385.506077826794,836.0208435889541,387.67574821798996,824.0876564373758,385.506077826794
11.833333333333334,778.144300699234,386.35775804519653,777.0059084892273,386.35775804519653,820.2648124694824,390.9113268852234,821.4032046794891,387.49615025520325
11.85,780.0021089823858,384.42185205427813,778.8869237424806,383.3066668143729,825.7247038185014,388.88259301389917,819.0335923790699,385.5370372941834
11.866666666666667,779.7494498264698,384.752922672375,779.7494498264698,384.752922672375,822.222325174424,389.1091150157549,821.133277088579,385.84197075822
11.883333333333333,779.2047928431072,385.0024518785678,779.2047928431072,383.9289578242223,821.0710609625811,389.2964280959497,826.4385312343085,386.07594593291327
11.9,780.445234092916,386.1950628879181,779.360863572932,385.1106923679341,821.6513138523078,389.4481744478701,823.820054892276,386.1950628879181
11.916666666666666,779.476554470694,383.2440184088504,779.476554470694,382.1784443505165,821.0339427457154,388.5718887005199,822.0995168040492,385.3751665255182
11.933333333333334,779.3220254202422,382.3195756802641,780.3918919521998,382.3195756802641,821.0468201665865,387.6689083400518,819.9769536346289,385.52917527613675
11.95,779.0373197269234,380.52201184409904,779.0373197269234,379.473955335437,820.9595800734041,387.8584074047332,822.0076365820662,384.71423787874716
11.966666666666667,778.873560897445,379.8587885847113,779.8970535816852,378.835295900471,821.8602536355356,388.04673005863333,822.8837463197758,383.9527593216724
11.983333333333333,778.4887516362803,378.16787672087986,779.4945031143241,378.16787672087986,822.7418166702034,387.21964002327326,823.7475681482472,385.2081370671859
12.0,777.350100517273,379.743091404438,780.8507674535116,378.8679246902466,821.1084372202556,390.24509197473526,822.8587706883748,388.4947585463524
12.016666666666666,780.7287661782611,371.3943940923491,781.8344760771724,371.3943940923491,821.6400324379792,389.0857524749299,822.7457423368905,384.6629128792847
12.033333333333333,784.2783217106793,369.44172012902516,788.4490292151177,370.4843970051347,820.772012374515,387.16722702288826,818.6866586222959,382.9965195184499
12.05,785.8234996008124,369.6830428044529,788.7636651083968,373.6032634812321,822.0855408610203,387.32403584995944,818.1653201842411,385.3639255115698
12.066666666666666,788.2524620153829,373.43158633672596,791.9970575715106,378.11233078188553,821.0176731314996,385.6015218941407,820.0815242424678,384.66537300510885
12.083333333333334,788.9365180761428,374.1932357929512,791.6020054829628,376.85872319977113,820.0338711557091,386.6321770247778,820.0338711557091,383.96668961795774
12.1,793.982896578117,366.81455581000955,799.1889266695622,372.02058590145475,820.8807187172508,385.03566113006787,820.8807187172508,384.16798944816037
12.116666666666667,799.5186461453652,367.54273486434477,804.5549972775311,376.7760452733156,822.1822262401122,386.8487475376477,820.5034425293902,387.68813939300867
12.133333333333333,804.5950610245338,366.04326459928706,809.6209607444382,377.7703639457307,824.6986599041516,391.17276319880904,824.6986599041516,389.49746329217425
12.15,805.1255453943837,360.4719516895638,811.7923882845564,367.1387945797366,825.9594294261733,387.9726786115261,820.9592972585439,388.8060339727977
12.166666666666666,813.5180311203003,353.23289036750793,814.898894906044,388.30683052539825,828.1551872491837,391.8970763683319,827.8790144920349,392.72559463977814
12.183333333333334,820.3091434915841,389.9173438255093,824.6074865746486,390.6337343393534,828.9058296577132,389.9173438255093,828.5476344007911,390.99192959627544
12.2,820.3111548419038,349.32899397547453,828.9304468366252,386.0743966898133,831.1986815720782,384.7134558485415,829.3840937837158,386.9816905839945
12.216666666666667,826.622340787463,359.00753387106863,838.0299666542434,375.54859137790004,830.6150098408361,380.6820230179512,830.0446285474972,384.10431077798523
12.233333333333333,831.6993748631093,356.61760004613444,836.0336321275568,357.3399762568757,836.756008338298,375.3993815254067,833.1441272845918,379.01126257911295
12.25,836.9440977496153,359.8490696040962,839.6754946157909,358.9386039820377,836.9440977496153,367.1327945805643,838.7650289937322,364.4013977143888
12.266666666666666,840.0482609361502,362.54467912526417,844.1882565930935,361.7166799938755,844.1882565930935,364.20067738804147,842.5322583303162,359.23268259970945
12.283333333333333,842.0440703658867,358.03707692036414,845.2076900939709,358.03707692036414,848.371309822055,360.4097917164273,845.2076900939709,353.291647328238
12.3,841.6204264643111,352.14197741484617,844.6712804501344,352.14197741484617,845.4339939465901,351.37926391839034,843.9085669536785,344.51484245028786
12.316666666666666,845.4256145258527,348.4863154611302,849.2335957276401,349.438310761577,834.0016709204901,347.53432016068325,841.6176333240652,344.6783342593426
12.333333333333334,722.125,192.07291666666663,719.3645833333335,227.95833333333337,733.1666666666665,76.13541666666663,396.39583333333326,106.5
12.35,189.8754221598307,137.98735046386707,709.610122680664,154.2290598551432,614.8668178982203,81.141367594401,411.8454505072699,305.81834750705286
12.366666666666667,198.30821072724143,129.62064958115423,535.9501918471519,266.2238938510417,590.0760056144659,75.49483581384027,407.07920668688075,304.8851893991231
12.383333333333333,511.3145229847753,127.71946694851636,695.119282581041,133.0471411397125,700.4469567722372,69.11505084535918,543.2805681319519,69.11505084535918
12.4,539.9434011194492,130.14137352664306,529.2342903998408,261.32797984184185,588.1343993576854,68.5639868888967,392.6931287248382,280.0689236011559
12.416666666666666,154.8720862761462,301.3198151853783,525.0022394839542,260.79461592904886,579.0358384923935,79.78205925077782,549.3173590377518,285.1097354828464
12.433333333333334,160.45397515808895,129.5314024393989,524.3057126217362,268.0122875934736,573.1813191467037,96.9476647560873,380.39420452044294,284.30415643512947
12.45,534.5093440186587,135.9802671892212,545.116029462445,271.2155065974972,714.8229965630265,85.59851133123595,375.4090623618632,271.2155065974972
12.466666666666667,161.05181656367563,127.63855103291007,532.9936099985342,264.1064033003761,583.8345745687667,87.50094742483179,554.4003319228426,282.837284984146
12.483333333333333,523.5388873777899,100.61883610403447,517.9424441663771,103.4170577097409,599.0908707318629,50.25084720131906,573.9068762805052,47.452625595612744
12.5,730.40625,189.3125,733.1666666666665,227.95833333333337,735.9270833333335,76.13541666666663,393.63541666666674,100.97916666666663
12.516666666666666,573.5423380533854,151.30016072591138,679.5515034993492,276.3366122775608,608.8787265353734,83.34556749131934,581.6968892415367,298.08208211263025
12.533333333333333,537.165394862493,125.15489642653188,524.3907276772792,135.37463017470293,713.455802018444,71.50129424863371,388.9792555140125,74.0562276856765
12.55,189.53351655876912,119.89241552715418,507.7878187568089,280.33466704848,602.4750491628374,88.33000539181137,405.2099858169449,296.1158721161514
12.566666666666666,530.5366587442236,129.43716781092155,546.204847369353,270.4508654370869,715.9435574749225,71.9871428521135,384.3002315763486,260.00540635366724
12.583333333333334,166.1671178999651,116.6506610130051,525.2935279152415,281.1360396459561,733.6416741836462,56.33935551425634,426.602300735471,300.326000486467
12.6,157.02814891895366,104.51593782153986,512.6122156698883,255.70916305422065,378.21823768528293,79.31706694942636,375.418363143937,272.5084103022963
12.616666666666667,169.531885518148,82.93448298282544,501.74356205480024,96.7766361718526,393.77476718038827,35.87116214013304,396.5431978181937,30.334300864522106
12.633333333333333,182.95634092051404,280.47309352697664,553.0041373556887,267.8002237860459,182.95634092051404,90.380047413017,555.5387113038748,280.47309352697664
12.65,129.52732407916068,73.91521742929228,520.6660429874739,225.58125129169946,576.5430028315188,92.54087071064043,547.2741191036857,257.5109426311536
12.666666666666666,730.40625,186.55208333333337,733.1666666666665,227.95833333333337,738.6875,73.375,393.63541666666674,100.97916666666663
12.683333333333334,174.6010267469618,144.1214599609375,714.5086941189238,278.4132147894966,733.6932305230036,75.60525851779516,404.81546359592016,300.3383992513021
12.7,712.6213760960986,117.98895250426392,497.61610854665446,123.36408419300005,709.9338102517306,61.55006977253481,715.3089419404669,58.8625039281668
12.716666666666667,121.54585980855927,120.23558957729028,517.5068953427326,258.550745825529,707.3512274481582,60.57022805844235,384.61586286893476,285.67136469773254
12.733333333333333,520.6149076714955,122.26831174373729,542.5974405464262,262.4069588214204,570.0756066400895,81.05106260324226,372.23281076571334,289.8851249150838
12.75,503.4817523185958,119.29508830313387,538.0754396126201,124.23704363085164,550.4303279319145,89.6433563368272,523.2495736294668,299.67645776483266
12.766666666666666,235.5101768979407,272.9010982353618,557.7045097363118,266.23500859042997,557.7045097363118,99.58276746713466,815.4599760070087,279.56718788029366
12.783333333333333,204.4256280165448,81.08465802925639,734.2915101123349,86.90736003030895,780.8731261207561,78.17330702873005,766.3163711181244,296.5246320682039
12.8,216.69651758516954,85.50286062185194,638.0463401222793,96.30670222536753,427.3714288537245,93.60574182448863,438.1752704572401,274.5700886833756
12.816666666666666,181.2209149760995,72.13345832505354,525.3142140936036,237.61344187011275,575.2208757976689,87.89345675791628,399.2342266307014,256.0001067084527
12.833333333333334,727.6458333333335,186.55208333333337,142.4375,225.19791666666663,735.9270833333335,73.375,390.875,106.5
12.85,167.03593953450513,134.04755655924475,512.4249877929686,277.7294006347655,401.9004923502604,73.25908406575525,385.32181803385413,280.49251302083326
12.866666666666667,525.4724188711907,119.9531649284894,517.1412572579252,264.35996622509435,586.5676040351391,53.30387202236386,389.3967791878514,297.6846126781569
12.883333333333333,170.05698278859757,321.4021171992555,522.8612469614774,284.54197019611877,701.8962466909983,89.70976460811073,372.7877913058494,274.0104996237941
12.9,158.26435833059782,124.40242389335913,568.5036188144359,267.57317251859126,651.1021276366853,88.6097367370511,384.03361577807914,286.8461579104494
12.916666666666666,527.6990950551112,125.84135516412857,519.6664438472183,267.7515265035697,573.2174518998374,85.67809912466419,380.433822910408,243.65357287989104
12.933333333333334,167.9747307735206,112.83710646385066,529.5137630037693,280.3147463940394,572.0477667955631,57.01122648712101,393.936625917426,280.3147463940394
12.95,731.1072184752927,102.09283988102766,127.43450840946696,107.63112162475079,728.3380776034312,46.71002244379599,744.9529228346007,43.94088157193437
12.966666666666667,179.8129161702941,102.03875509837405,678.7450361492616,290.52422264598397,750.8130090351125,74.32030398843142,407.1042152718238,276.66499709101265
12.983333333333333,173.6290488303854,95.28057805366473,673.7815205387213,283.18316410983516,394.69091477882114,70.41111813446571,400.21746142753216,291.47298408290146
13.0,730.40625,186.55208333333337,142.4375,225.19791666666663,735.9270833333335,73.375,352.22916666666674,103.73958333333337
13.016666666666666,174.24294535319007,138.86480712890625,711.9378763834633,280.79443359375,731.0437876383463,73.35882568359375,392.59621683756507,297.1709289550781
13.033333333333333,186.0641948531071,119.18760211765778,702.09438722829,258.94577921926987,403.76443226138736,60.059142574668044,406.45208951334143,285.82235173881065
13.049999999999999,170.49468038182624,109.29086421593104,558.3327206784547,261.17149538104434,588.1664160858877,55.047781656962,395.60347300154774,296.4294990443742
13.066666666666666,162.52375474895427,313.48243298265163,522.3344366647717,291.6757249877536,590.480399148828,81.78616053685994,383.31667319729684,294.4015634871158
13.083333333333334,154.81119347406616,108.54764788736964,515.1507164529107,281.84070092299726,586.6684843723763,78.29013069067275,385.86859752156954,281.84070092299726
13.1,158.56920719549532,98.12245042284712,367.59025272709835,112.05718679162067,384.31193636962655,56.31824131652661,375.95109454836245,298.78265413318604
13.116666666666667,172.82509569151796,298.41523432658755,520.445057156674,269.22577191348284,600.0526819196871,96.74258492695492,557.5952820460802,287.80088435818584
13.133333333333333,167.82716039552406,93.54739608148623,524.3597897459317,266.32859338206856,606.6365503652567,77.09204395762129,389.9744140677012,291.011621567866
13.15,171.98206538600078,279.47537698536894,539.018016011217,261.5085821995192,582.6516604911378,79.27394937161466,546.7180709194383,282.04206195477605
13.166666666666666,722.125,186.55208333333337,142.4375,225.19791666666663,735.9270833333335,73.375,352.22916666666674,103.73958333333337
13.183333333333334,185.16060892740882,136.13539123535156,709.2084604899086,280.79443359375,733.7732035319008,73.35882568359375,392.59621683756507,81.54707336425781
13.2,540.8349521110455,115.13523691892635,535.4596376071371,281.76998654007923,597.2757544020811,61.38209187984478,567.711524630586,289.83295829594147
13.216666666666667,162.0528819364796,108.14487837624631,507.8087888284887,291.82770391262613,372.7478876987975,54.12051792436989,380.851541766579,297.2301399578138
13.233333333333333,173.84696961130078,123.71117481308829,518.6875223491692,271.49998312931757,702.0551178526388,88.13238762584785,398.2670118692786,290.6577916147546
13.25,509.75718974788464,113.55586143299627,493.8547120011838,118.85668734856313,703.2373356660771,63.198015235110574,549.5133841146364,60.54760227732709
13.266666666666666,183.79780864298465,109.62165469878653,559.1004247353687,290.80222798476495,390.8613209698172,73.38554004159084,390.8613209698172,288.21393408067956
13.283333333333333,170.69330693816943,313.03779583070195,517.0840397887923,297.05053123759626,378.5277466485431,62.57065053871315,386.5213789450958,283.7278107433416
13.299999999999999,147.61316820171942,112.33569535367826,515.4191334093182,282.30663382082616,596.2249894018967,81.68519825304509,384.4579185247943,279.52022499349584
13.316666666666666,160.89305480358894,98.58460452466102,369.2274550403815,290.25225274251034,380.33862305301034,70.80668449308882,385.8942070593249,290.25225274251034
13.333333333333334,730.40625,186.55208333333337,142.4375,225.19791666666663,738.6875,73.375,352.22916666666674,100.97916666666663
13.35,162.23126898871533,132.1704372829861,159.44569227430566,327.1608072916665,733.2744954427083,68.1021728515625,382.29182942708326,76.45890299479174
13.366666666666667,171.91686067978537,124.43937378459509,505.1863599220911,273.17121642165716,720.0212437311808,80.37067966991003,389.50603787104285,281.4340965681606
13.383333333333333,510.9316437739567,120.4155232965843,500.1726852498638,131.17448182067733,588.9340930736312,63.93099104509588,567.4161760254451,61.24125141407262
13.4,517.8451151693212,126.73273405108716,517.8451151693212,266.52783621197614,713.0307295071661,71.34222187413116,362.2241523864448,261.2525493379803
13.416666666666666,157.14995098352665,107.42092539712985,500.2067332922875,264.8896123585282,587.3768992887758,73.67763533397306,387.7290997484315,301.44484326028146
13.433333333333334,161.12987245690465,101.33021760415443,544.5680291261858,290.34902722985635,706.5841516625017,77.027799223707,379.8516378809311,295.74956464773356
13.45,172.10938301789156,291.1528669871235,516.7738081916178,258.58614964787375,185.6788485759123,90.32477672841696,391.9347250578272,266.7278289826862
13.466666666666667,175.54327055851832,272.40518382699736,549.2336306524479,256.83475215641704,717.913307083736,75.17971599964551,385.74409811135376,272.40518382699736
13.483333333333333,130.16752526852122,62.236879148473804,653.4373423228369,210.54329788579332,160.9481027423045,81.82451935906317,401.5962539009738,235.72740672797966
13.5,722.125,183.79166666666663,730.40625,225.19791666666663,741.4479166666665,73.375,390.875,100.97916666666663
13.516666666666666,162.23126898871533,132.1704372829861,710.9898817274304,329.9463840060762,396.21971299913184,68.1021728515625,382.29182942708326,76.45890299479174
13.533333333333333,533.6233623116104,127.40902343944276,517.1656092626076,275.52880088046743,615.912127556624,89.00759965843633,396.4754202365875,283.75767740496883
13.549999999999999,512.679728657237,121.37308536374496,496.0719700465896,281.91475193333565,745.1883492062992,38.33429231050866,371.51378046673506,54.94205092115578
13.566666666666666,180.53311621571038,92.52440310916609,681.2121671039176,280.95200290580317,401.2625902631996,49.45523744136324,412.0298816801503,283.64382576004084
13.583333333333334,118.5160412380003,59.63369260894956,716.1147347894628,65.06640800487185,626.4749307567436,84.08091189060019,610.1767845689762,37.90283102525996
13.6,165.8153270385668,81.87917664713552,533.3238453377597,264.25182482568255,135.4198856754756,95.69528635763152,411.74207988539524,272.5414906519801
13.616666666666667,175.7658943349445,296.928813212255,578.1398512111812,262.28734672622136,178.4306225261779,97.07419886975333,396.938334207313,270.2815312999214
13.633333333333333,164.9391349212467,299.05270220191494,518.8158193991239,266.1339408551356,181.39851559463636,87.82398356008127,389.88400412423846,274.36363119183045
13.65,168.59052422102377,98.34862877582395,522.4555999777228,287.436837195434,584.584582744166,71.33602757302242,390.09385408399567,290.13809731571416
13.666666666666666,730.40625,183.79166666666663,142.4375,225.19791666666663,738.6875,70.61458333333337,352.22916666666674,100.97916666666663
13.683333333333334,171.0161692301432,131.923329671224,506.6332346598307,327.699951171875,733.1747538248695,67.59672546386719,366.7927907307942,299.73186238606763
13.7,169.14525704085827,125.74431213902096,516.1516711264849,293.7394808630148,612.5423417058255,87.18804390728485,392.2208089530467,285.47742338478554
13.716666666666667,160.24713947356622,121.79213327695788,511.6714592940791,270.0492682012368,591.291031753414,64.13658080640505,377.1418368627892,283.77678069422564
13.733333333333333,513.5911661192706,94.86797693817016,80.18249532012271,307.4835512924692,712.5775369893197,45.802844394870476,74.7308139264228,51.25452578857039
13.75,479.3504543188982,67.5922672699345,91.40396158728208,70.55369087857275,574.1160097953235,23.170913140360085,357.9320863647282,20.20948953172183
13.766666666666666,140.31179536353693,292.960267106616,533.8668696560443,276.33117946045377,353.7184201559528,85.09667152958752,359.2614493713402,284.64572328353495
13.783333333333333,154.76841973648095,95.65224474248362,512.7557232302523,115.22967540229922,579.8783426353342,70.48126246557774,381.307260228633,294.2233271491848
13.799999999999999,163.3399185116932,97.3387770293748,599.9150745306354,260.0857286814065,623.1646390523542,94.75549208251721,543.0828056997673,280.7520082562678
13.816666666666666,170.87029504135148,291.2415578744651,558.7414479508859,262.7976733277659,201.8999872741142,92.13436604757078,553.5698325787587,278.31251944414737
13.833333333333334,730.40625,183.79166666666663,142.4375,225.19791666666663,738.6875,73.375,332.90625,103.73958333333337
13.85,537.3981323242186,131.95972188313795,512.2268524169921,151.537384033203,733.1747538248695,64.83630879720045,383.57364400227857,296.9714457194009
13.866666666666667,167.13960275716238,116.11295907696092,516.2855028013387,258.45705678727893,612.972059736649,81.1983690725433,398.11304432484826,277.25722063581145
13.883333333333333,499.397353384388,102.35904456500441,491.29948705035565,107.75762212102597,696.4454341791766,53.77184656080999,531.7888187205178,53.77184656080999
13.9,162.56969615536832,89.621775643766,519.3995049933196,103.24123399635948,375.0332464558279,48.76340058598521,383.2049214673841,293.9136509326694
13.916666666666666,169.71459168956085,271.0691375865613,518.5802094517963,238.61652198077195,172.41897632337668,89.875367120904,396.8829009300863,265.6603683189297
13.933333333333334,160.5820115491947,274.04114361643167,517.6893119096671,241.8209360651109,176.69211532485508,94.14498478822384,386.12346440844044,263.3010744326581
13.95,151.34483534731385,288.1588981322931,606.561024526911,244.28263893425958,101.98404374952622,85.23119934138833,389.9219947366207,263.4785023333992
13.966666666666667,161.53371113032074,285.3595013865852,549.2626577177602,245.52433564130024,612.9989229102159,83.52799494380838,538.6399468523512,256.14704650670956
13.983333333333333,149.03162417267515,62.387607341419766,373.9797158934855,81.82756588519351,149.03162417267515,84.60470282001836,387.86540056760964,259.5643297139819
14.0,730.40625,186.55208333333337,112.07291666666663,302.48958333333337,741.4479166666665,73.375,335.66666666666674,100.97916666666663
14.016666666666666,157.4265984429254,130.29601372612842,505.6236877441405,326.8588867187499,749.9232584635414,65.7110697428385,382.0698818630642,315.6267225477428
14.033333333333333,538.3951354865673,120.87006345501652,530.0313413650898,307.66146550134374,722.3986061590684,59.535573230849536,393.4227040476268,296.5097400060407
14.049999999999999,509.69450732991356,107.64917014320213,153.30757682816113,118.44877409780077,585.2917350121032,53.65115037020939,382.7991608633805,50.95124938155982
14.066666666666666,174.61807462187284,87.60952418203851,552.7096779151914,268.77841742675366,571.0891308530609,82.35825191407582,547.4584056472286,279.28096196267916
14.083333333333334,153.39076374180718,68.69417480666687,522.4499052304658,228.80071412895256,120.82672184574903,84.97619575469594,392.1937376462332,255.93741570900102
14.1,165.37260684831034,264.1808954988777,545.8341097951482,230.30418633237844,587.5285210769935,73.95014402545883,545.8341097951482,253.75729267841632
14.116666666666667,164.76269714551813,294.95207000345397,505.08001131656476,255.98443860982275,190.74111807460565,97.51607094238875,377.7857487640358,268.97364907436645
14.133333333333333,144.15501030889914,77.66312826850458,516.7068768554326,249.82724841500874,369.9440203371013,83.30785351920963,375.58874558780633,272.40614941782894
14.15,161.8995128304026,291.0105905517445,667.2512582975761,256.97135381043233,88.5842336952685,89.39357293012597,373.9901417570403,264.82656228919666
14.166666666666666,730.40625,183.79166666666663,112.07291666666663,227.95833333333337,741.4479166666665,70.61458333333337,393.63541666666674,100.97916666666663
14.183333333333334,157.4265984429254,131.6762220594618,154.6185574001737,331.0471360948351,730.2669711642792,69.8993191189237,382.0698818630642,325.43105400933166
14.2,526.9061159988242,126.60675733840037,499.7123591557696,151.0811384971496,584.0130053692393,64.06111659937449,382.7792047306343,297.92742544964506
14.216666666666667,509.02480453301354,120.43859009613459,503.89056658738485,261.63013360092714,580.9041357718172,66.52909166703193,547.5315891252296,289.8684423018857
14.233333333333333,148.8263414853451,114.10017948129155,521.1296228535547,258.3021546591193,612.8945161485361,82.6379303515838,358.5746690167308,276.65513331811565
14.25,646.0363905573037,272.32036868785883,631.0580248827602,247.35642589695294,628.5616306036696,105.06195198878936,598.6048992545826,282.3059458042211
14.266666666666666,183.29655569134383,272.7616258797683,634.9147590131522,256.12306049422807,584.9990628565313,77.85271707772472,508.9370496654897,275.1385637919884
14.283333333333333,196.9283565173505,256.91459938882474,521.5618242243239,247.43624996672338,630.5628425784902,76.82596036889788,829.60818044262,268.76253616645147
14.299999999999999,130.04227957735384,83.29874431873225,420.40736426015826,220.8401002211133,188.1152965139147,86.35521889434062,441.8026862894176,269.74369343084857
14.316666666666666,173.40452019957263,74.70837925173885,397.26740415527104,262.1935445646362,173.40452019957263,83.10323740007755,416.85540650139455,273.38668876242116
14.333333333333334,727.6458333333335,186.55208333333337,103.79166666666663,227.95833333333337,738.6875,73.375,393.63541666666674,100.97916666666663
14.35,96.01182047526038,70.24257405598962,724.3840128580727,81.56459554036462,752.6890665690102,53.25954182942712,565.8757120768227,293.85249837239587
14.366666666666667,151.6563127835591,77.72424840927124,536.6584837834039,254.76904237270355,390.52627289295185,80.5344832340877,401.76721219221747,274.44068614641833
14.383333333333333,168.97603151345777,286.44730466064846,602.4492645014931,259.6896976860784,185.03059569819982,96.46829514120088,391.06416940238944,267.7169797784494
14.4,153.68970331021217,58.19629411063045,373.28368730683655,71.751478307953,156.40074014967672,74.46251514741755,392.260945183088,234.41368867582287
14.416666666666666,175.146783295479,216.7372342830904,576.5293778623543,214.24417468950742,554.0918415201065,64.6605990745229,539.1334839586082,224.2164130638398
14.433333333333334,525.3072286539614,236.6638570893532,576.6474573450582,229.32953870491087,574.2026845502442,77.75362542643461,539.9758654228463,239.10862988416739
14.45,206.95197127925837,239.73892287033027,641.4721359825514,232.5765025730234,608.0475079284522,77.39072946470424,534.035831522946,249.288816600073
14.466666666666667,206.22803524334893,69.98000260435595,753.55165659518,246.33983615105706,680.5751737482692,82.14274974550779,461.64572520753677,273.70601721864875
14.483333333333333,142.38944966264205,81.493436421566,723.9999819006629,249.2657053363797,771.5354580931934,92.67825434922031,447.17573819122015,274.4315456736017
14.5,730.40625,183.79166666666663,103.79166666666663,227.95833333333337,741.4479166666665,70.61458333333337,330.14583333333326,100.97916666666663
14.516666666666666,149.79142252604163,132.702392578125,124.31687418619788,311.02423095703136,744.1975504557289,76.09228515625,376.23185221354163,277.05816650390625
14.533333333333333,147.44372471173585,106.68606781959545,710.1356616020199,306.6273651917776,738.6987040837604,43.84737435976683,387.3732815583545,300.9147566954297
14.549999999999999,153.1651661802057,109.60699223223833,528.1596997386982,281.826703940583,603.1586064503967,79.05188209043513,392.05057274339345,292.93765308305683
14.566666666666666,507.4586849545351,85.4989090586837,502.0786273863614,93.56899541094435,693.0706710565306,47.838506081467244,528.9789152272302,39.768419729206585
14.583333333333334,188.19465024733717,85.05932753211732,662.3428715570537,95.65481851110553,185.54577750259017,71.81496380838234,408.05108806133984,281.0759106433968
14.6,516.1181117145858,46.920992266318876,555.9546744773826,41.94142192096922,588.3218817221554,24.512925712245647,555.9546744773826,14.553785021546332
14.616666666666667,224.1612178099998,189.57547065108827,593.991978423989,194.53964193449758,400.3892983710283,80.36370241608472,556.7606937984198,85.32787369949403
14.633333333333333,113.31573304910864,268.3671463046534,718.2029126266373,268.3671463046534,751.6528949074223,62.09225557314585,581.6154849800985,251.64215516426077
14.65,168.42191113350577,73.41465354676882,576.9170255549166,259.5995016163914,601.926930519493,90.08792352315288,568.5803905667246,273.49389326337825
14.666666666666666,727.6458333333335,183.79166666666663,103.79166666666663,225.19791666666663,738.6875,70.61458333333337,332.90625,100.97916666666663
14.683333333333334,126.83153110080298,307.34232754177503,532.8068728976777,276.3303222656249,98.63879903157556,98.71611022949207,397.48175896538623,281.96886867947035
14.7,93.17783379140826,68.22170589367545,707.3127260953186,73.93458861278168,730.1642569717433,62.50882317456933,575.9164235558774,19.662202781273322
14.716666666666667,151.11189477718744,303.4150621332825,523.6603766202645,272.60278168009575,195.92975725455005,82.12686615130451,397.61013840268197,283.8072472994364
14.733333333333333,161.3220187821164,104.80159342905142,687.716712958985,296.477922286933,756.3768904603157,47.584778844609104,398.77179930755176,296.477922286933
14.75,148.88220417894286,92.37854156452568,674.3474976241175,109.4206591897746,395.9929097450521,38.41183575123739,393.1525568075107,296.8839530675127
14.766666666666666,157.0371237457124,298.07852858681713,551.1915694729048,265.90265546623004,591.4114108736389,80.89138502285391,543.147601192758,287.35323754662136
14.783333333333333,162.0392919546449,283.00176143326735,495.808114689902,246.49579644659855,188.11498123083675,82.21895400658912,375.859944019419,254.31850322945616
14.799999999999999,172.2505726184661,66.5226113602564,545.4970721944269,233.56999578586124,198.35172643496685,82.18330365015686,464.58349536327455,254.45091883906184
14.816666666666666,142.22150102547835,258.83382254877597,701.1192542967735,234.65074668607565,615.1349845627283,76.11724936392943,408.2353355151814,248.08578883202028
14.833333333333334,724.8854166666665,186.55208333333337,103.79166666666663,227.95833333333337,735.9270833333335,73.375,393.63541666666674,98.21875
14.85,727.2145182291664,129.80179850260413,730.0450236002604,135.46280924479163,730.0450236002604,50.54764811197913,730.0450236002604,59.03916422526038
14.866666666666667,523.1196016470591,128.26492253939307,515.0344178477923,265.7130471269289,590.4961333076159,68.97357467810309,388.3665383259454,246.84761826197303
14.883333333333333,175.11981562028325,104.11464697231224,493.5792035471337,296.2430380356187,667.2843242345066,59.37241891647375,533.0576400669911,298.8749338036092
14.9,167.00051998446094,83.0003659820369,675.4524538738365,93.53822989684261,570.0738147257794,75.09696804593261,383.02673023797803,280.585314384644
14.916666666666666,125.70578031245248,56.343978205680855,685.3582860743509,56.343978205680855,591.1859894317238,56.343978205680855,566.970256009334,21.365696595562213
14.933333333333334,175.52285516772923,266.486059833058,543.1644243245626,253.8955951359061,684.1776289326631,80.1471823152109,538.1282384457018,263.9679668936277
14.95,511.71039425790843,49.07840735322225,691.2843560761725,51.68092853899418,589.7860298310669,77.70614039671364,553.3507332302596,30.860759052818594
14.966666666666667,161.1172424097672,298.5137972520521,685.8467642041421,256.3244889670772,113.65427058917044,84.9304240593666,390.52160620931795,264.2349842705099
14.983333333333333,147.11422370531807,277.21314062770443,512.124871251411,242.0639671603028,147.11422370531807,85.2445778442036,382.3433076794669,260.9904451812114
15.0,724.8854166666665,183.79166666666663,103.79166666666663,227.95833333333337,735.9270833333335,56.8125,390.875,98.21875
15.016666666666666,730.1852010091146,129.80179850260413,733.0157063802086,132.63230387369788,724.5241902669273,61.86966959635413,730.1852010091146,59.03916422526038
15.033333333333333,507.1502230962118,115.82617823282874,507.1502230962118,126.8828398386637,736.5759514172875,46.72204319636023,363.4136222203574,52.25037399927771
15.049999999999999,501.2439790548136,107.44190309910721,501.2439790548136,303.0120040128628,727.9919221432261,53.58926661560929,385.03565822200244,286.0059082812319
15.066666666666666,156.19747479721798,90.06167695193938,523.0851683564107,262.3877148358025,384.11255715974676,92.84112917587265,398.00981827941314,281.84388040333545
15.083333333333334,165.27321869639604,86.93660273922274,555.9640433862357,257.0332883184727,375.2363149582826,84.27884202704695,383.20959709480996,272.97985259152733
15.1,157.39510377286967,65.39290860698156,520.6743104924693,73.40642051991381,579.44006452064,84.09110307049036,392.4581198855518,252.37485324206955
15.116666666666667,181.47737655287995,230.60898624939125,562.3278776232323,228.00042117356702,575.370703002354,74.09508169993137,549.2850522441106,241.04324655268863
15.133333333333333,186.7352655338384,249.41918597584322,558.6595829853543,231.58719815282552,596.87098546325,81.2890150731032,393.0768389144739,170.4489541881926
15.15,550.1428683770812,29.336682804409747,716.4366861811388,32.06281096513203,621.0222005558601,42.96732360802105,610.117687912971,-3.376855124257304
15.166666666666666,722.125,183.79166666666663,114.83333333333337,211.39583333333337,735.9270833333335,56.8125,330.14583333333326,98.21875
15.183333333333334,163.13792928059888,130.29601372612842,705.0898505316841,149.95230102539062,727.554178873698,62.90302870008668,376.54904852973095,71.32715182834193
15.2,519.9346442752415,112.15343605147461,506.2235063711803,309.5938218699562,604.943699280421,65.53556717766651,577.5214234722985,54.5666568544176
15.216666666666667,704.1869863831373,92.13660295507691,118.83030144901329,92.13660295507691,706.909575615389,37.68481831004203,97.04958759099941,43.12999677454559
15.233333333333333,512.8626115215951,87.72303056685632,553.9075053427731,95.93200933109199,570.3254628712442,63.09609427414955,378.7826250390805,290.21117341800095
15.25,170.58845810333378,73.6289907462725,537.9705426637688,237.1895078450965,575.7152773788819,76.14530639394673,535.4542270160946,254.80371737881603
15.266666666666666,162.82817996333847,267.54010800566687,568.3506308983358,229.7585131980585,611.1697716802919,81.15090695479864,533.087809077901,239.83360514675417
15.283333333333333,151.28380377212488,274.25683597146394,539.5946392947671,245.39589549342975,618.3062951439513,90.59630565670079,534.3471955714881,266.3856703865456
15.299999999999999,159.19596501113142,48.14530584845579,146.3848231085949,48.14530584845579,615.2726167414307,30.209707184904687,538.4057653262116,17.39856528236828
15.316666666666666,208.36789670800897,241.3358244330144,566.5127100510539,236.62339267850064,578.2937894373383,85.82557653406081,540.5943354012282,253.11690381929873
15.333333333333334,722.125,183.79166666666663,139.67708333333337,225.19791666666663,735.9270833333335,56.8125,117.59375,98.21875
15.35,123.543202718099,47.83979797363281,671.717742919922,221.24194844563806,727.6539204915367,67.41746012369788,397.6304728190104,254.8036549886068
15.366666666666667,525.4224243329631,44.165344642268224,717.0202200677661,46.94212429059871,611.502593431208,58.049242883920556,589.288356244564,13.620768510632956
15.383333333333333,162.0981622217223,176.5613305310253,614.9518744006185,198.2549215336071,590.5465845227139,54.5348811415023,566.1412946448094,103.34546089731157
15.4,175.9691375234221,54.54812185866706,552.9323552013428,217.21033222653693,591.6614529079783,72.62170078843042,545.1865356600155,160.4076555901379
15.416666666666666,115.21370597134785,32.34949059504595,520.2176981021003,35.049517209250894,574.2182303862007,40.44957043766101,482.41732550323013,8.049251067200771
15.433333333333334,192.32003241587654,140.90515047365136,571.461953217533,161.82332541443236,388.4279224856989,85.99494125410104,396.2722380884918,99.06880059208925
15.45,196.67713436582198,169.059910837061,677.3712789705623,201.1061871440437,591.914542151942,56.897943762621594,578.5619270240322,75.59160494169487
15.466666666666667,191.0505196903406,57.17873117709519,575.4163256021353,238.9733691083494,193.6475859465014,77.95526122638137,409.20408520784576,251.95870038915336
15.483333333333333,195.89550234465617,259.2164522801494,574.7400062645935,223.85763191428862,602.5219365520555,74.84546037244661,562.1118561339289,158.19125123483275
15.5,719.3645833333335,183.79166666666663,142.4375,225.19791666666663,735.9270833333335,56.8125,117.59375,98.21875
15.516666666666666,123.30867513020837,45.26763237847217,521.6461452907986,234.68684895833326,616.355753580729,67.55224609375,396.2951931423611,262.54261610243043
15.533333333333333,161.2567172845205,66.5584335680361,523.5539751759283,238.02736478381678,150.19420559317984,83.15220110504708,393.56946280267505,262.91801608933326
15.549999999999999,172.91340684990791,282.5312875499086,547.5155483511173,251.74207044022012,609.0939825704941,74.70407205951153,383.3063904327789,256.8736066251681
15.566666666666666,167.6958439352967,68.13639061577146,561.2576920065603,231.9003810883779,595.595302912107,81.3431640409816,384.28692810874384,255.67257325375624
15.583333333333334,175.7811234863359,59.91912931207787,523.544443570586,67.88317481019044,581.9474438900781,70.53785664289467,417.357170262418,248.40153943407586
15.6,182.45757916324754,223.96152915004586,550.1552093115665,216.50819880920153,562.5774265463069,67.44159199231535,545.1863224176705,228.93041604394193
15.616666666666667,513.7773607805859,36.59349022842707,553.4055277403702,39.07025066341362,563.3125694803161,51.454052838346115,548.4520068703971,16.779406748535052
15.633333333333333,202.26023711137123,278.12923181534063,553.457126916099,246.42395704130274,592.4790035610688,280.5680991056514,548.5793923354779,268.3737626540982
15.65,127.08167654627903,51.35268111786513,668.4137558885377,53.94278676065096,580.3501640338161,61.71310368900879,564.8095301771004,20.27141340443393
15.666666666666666,719.3645833333335,183.79166666666663,142.4375,227.95833333333337,735.9270833333335,59.57291666666663,117.59375,98.21875
15.683333333333334,123.543202718099,52.016815185546875,708.0762583414715,222.62215677897143,755.6220092773439,68.79766845703125,397.6304728190104,258.98067220052087
15.7,121.96453520655632,66.121034959952,526.3273813724519,226.7190447847048,119.09671360254288,80.46014298001921,400.1432307958604,264.00072563687957
15.716666666666667,163.01956727078266,74.16811250767205,527.3085273704395,252.07667441680678,600.7311084757968,76.9920579348011,397.4070377224999,274.6682378338397
15.733333333333333,171.81681913849934,77.00584673083199,564.383842138334,262.5340973266442,602.0272553027017,82.38347718288446,392.2996676726531,267.9117277786968
15.75,164.45627498378963,83.58127784591079,565.2402893058688,270.789600325303,583.6974478601751,88.85475171856979,565.2402893058688,281.3365480706209
15.766666666666666,174.5157010559842,261.6468523286294,572.7728424807474,246.7122095252007,597.6639138197952,79.94203155358105,537.9253426060807,259.1577451947246
15.783333333333333,202.33908968591777,59.622425855643655,574.8949035431488,233.64520732842914,552.8356777226547,69.42652622030766,535.6785020844927,240.99828260192714
15.799999999999999,524.5363909522881,226.36952444876044,575.0109921338926,221.5624195743219,577.4145445711117,77.34927334116651,541.3612580128229,240.79083907207598
15.816666666666666,537.3662909736165,232.45429896186397,650.5022553036636,237.168297475616,612.7902671936481,81.60634652180136,551.5082865148725,258.3812907874998
15.833333333333334,719.3645833333335,183.79166666666663,142.4375,302.48958333333337,735.9270833333335,59.57291666666663,117.59375,98.21875
15.85,525.3275994194878,63.807891845703125,707.8502671983506,72.23201497395837,606.7607896592881,55.38376871744788,581.4884202745225,24.495317247178832
15.866666666666667,171.1524539921018,294.30491707501596,521.0606933037438,259.8442571428086,189.708193955598,95.49341746612822,391.17051355927066,270.4475371219494
15.883333333333333,160.85809118683255,68.5330594202079,517.0188831294035,227.43556659458557,160.85809118683255,82.23155141799896,385.5133599506081,260.31194738928446
15.9,157.1641358577408,68.92546413889454,516.214453456096,237.57031028357642,157.1641358577408,82.52585495701408,396.5310142566441,259.3309355925677
15.916666666666666,168.15070156550286,271.63503916083516,566.5996513150978,234.44647051753952,574.5686303100897,72.41056428603781,550.6616933251141,242.4154495125316
15.933333333333334,129.16963146207092,60.70915280060717,693.4660390284461,231.6258531692689,172.57704742871522,74.27397029018346,395.0400542577669,247.90363415676052
15.95,173.4336797832001,46.57648520388261,523.3944903744672,212.20679250661965,600.8667308870375,59.93376805087746,413.8647710291086,238.92135820060946
15.966666666666667,167.86901487838747,70.57002628665839,515.4975186600427,233.68801652266575,732.0968171701506,83.94035335518356,384.46831338849563,263.10273607342117
15.983333333333333,129.99077383757538,59.00939387799417,529.8710554907082,229.58769584191782,107.6198489898477,75.78758751378996,404.03460322223975,251.9586206896456
16.0,719.3645833333335,183.79166666666663,112.07291666666663,227.95833333333337,735.9270833333335,59.57291666666663,330.14583333333326,98.21875
16.016666666666666,163.5409393310547,128.60984124077686,135.34820726182727,145.52548048231336,724.5763075086804,63.76655748155383,377.8057030571832,72.22437710232202
16.03333333333333,168.81606380807023,116.4186871780289,506.8168197031374,260.13554401530155,583.9980946713023,65.851644957507,387.05277233874347,278.7655069386517
16.05,155.15114541195783,100.94959756782237,494.2075472250915,113.89068160649163,615.8537371885824,62.1263454518147,367.3849236461332,264.00725645505463
16.066666666666666,161.01423159848775,263.17779699958135,581.7469035913552,238.42881629411863,636.1946611433734,84.98513592024926,527.2991460393372,258.2280008584888
16.083333333333332,636.9173120448318,64.95513810808882,634.4903490117847,234.84255042138523,617.5016077804551,84.37084237246552,590.805014416937,249.4043286196678
16.1,632.399147466057,227.21641951057666,632.399147466057,231.75907492725025,598.3292318410063,90.93675701037375,823.190674966341,256.743679718954
16.116666666666667,210.41647745532384,55.80733207345895,436.75443146397527,61.537406858488,453.94465581906263,72.99755642854632,456.80969321157727,55.80733207345895
16.133333333333333,195.80404065001187,125.30034354104964,697.2089000740513,130.662962358419,429.0779592055809,58.26760832393211,563.143429639816,85.08070241077905
16.15,216.35638200622884,204.8179256923553,612.0393585881302,212.37874690092667,412.93773342908435,66.20287020188027,576.7555262814637,96.4461550361658
16.166666666666668,722.125,186.55208333333337,101.03125,299.72916666666663,738.6875,56.8125,101.03125,98.21875
16.183333333333334,159.32168918185766,83.94581434461793,521.6488410101997,277.94775390625,356.1765984429254,86.79878404405372,390.41223483615454,283.6536933051216
16.2,164.07199517554704,104.83323020074101,515.3647851927415,295.2285591413578,568.9972722182672,48.519118823938925,378.60194327765043,297.910183492634
16.216666666666665,163.83106798773701,114.16653995459706,563.7832936212055,296.69507245846194,598.6784542469445,52.428948078289864,400.04446299273854,294.0108293334051
16.233333333333334,524.4716268510656,99.59412305416242,548.5551070380382,289.5860223069443,567.2867027390166,43.399335951227044,540.5272803090475,294.9379067929382
16.25,169.1253121999698,301.77758729164,568.7744987517246,266.6732668512831,158.32398283370617,88.45133230793306,568.7744987517246,274.77426387598086
16.266666666666666,157.30608411901437,277.74181660551415,562.136181745375,245.56988831732667,159.9870781430301,98.11521699646676,460.2584088327809,267.01784050945173
16.28333333333333,155.08239506524103,273.7238164471262,523.0208978403031,238.5532242700982,155.08239506524103,89.75456505959517,390.4548196345821,254.78580527488032
16.3,164.052939233791,280.5437549942743,678.2123687648749,237.91913907459877,190.69332418358806,80.74086787079602,379.8400573271475,253.90337004447713
16.316666666666666,108.24081244394745,53.25756449094672,521.2123071674256,58.65588468341048,575.1955090920632,64.05420487587423,526.6106273598895,45.16008420225103
16.333333333333332,722.125,186.55208333333337,101.03125,302.48958333333337,738.6875,67.85416666666663,330.14583333333326,98.21875
16.35,161.66786363389758,84.1704576280382,531.0937432183159,277.40861002604163,377.63991631401905,78.48698255750867,386.16512891981336,283.09208509657117
16.366666666666667,169.24120517075062,82.24173928134962,561.888021109005,253.19001288712025,596.611889185177,79.57067250625948,559.2169543339146,277.2296138629317
16.383333333333333,167.27877101991123,275.4380340810068,542.734507288994,247.34270687719788,604.0334030063951,78.77074365434453,471.2191289520259,249.89682753208956
16.4,510.4209733330389,58.51944357246782,538.4294172007684,241.84743979760583,553.7067502195299,66.15811008184858,530.7907506913876,252.0323284767802
16.416666666666668,181.6400356584424,277.4945501747161,537.2159831979761,242.68291894706954,646.6239670562943,81.0574882472813,527.26980284722,260.0887345608928
16.433333333333334,169.7447665800966,56.82338670906188,651.5128773198494,59.33259561916475,596.3102812975862,71.8786401696791,538.5984763652198,29.22208869793019
16.45,176.47928072846832,278.83610006753963,562.8459944984603,249.67634808489868,645.4652917826094,84.43775351660031,531.2562631839326,269.1161827399925
16.466666666666665,169.10786881640695,54.488574654655054,646.9069054975713,59.49170592880341,614.3865522156074,71.99953411417414,596.8755927560882,277.12791635425515
16.483333333333334,655.1904915793216,58.346783635272686,640.4718070447789,60.79989772436329,613.4875520647836,73.06546816981563,608.5813238866026,276.673937564324
16.5,722.125,186.55208333333337,101.03125,302.48958333333337,738.6875,59.57291666666663,101.03125,100.97916666666663
16.516666666666666,161.66786363389758,84.1704576280382,531.0937432183159,277.40861002604163,377.63991631401905,78.48698255750867,383.3233913845486,283.09208509657117
16.53333333333333,169.24120517075062,82.24173928134962,561.888021109005,253.19001288712025,596.611889185177,79.57067250625948,559.2169543339146,277.2296138629317
16.55,166.8779371060711,260.85107061997167,540.73598939103,243.04830622544966,576.3415181800738,77.73692256203265,530.562981165589,250.67806239453046
16.566666666666666,159.79789427208908,55.60930506125237,572.9935652777558,232.6931640636808,549.8956706252652,63.30860327874916,524.2313432336089,242.95889502034333
16.583333333333332,656.6106507043019,224.8806654437891,639.5783761373293,224.8806654437891,637.1451940563331,81.32292266502145,605.5138270033844,246.77930417275365
16.6,187.94865428213484,275.4725563398122,556.0446690500085,244.19642436607137,635.4379271371968,83.00405188602213,837.5298568136764,265.8491311171226
16.616666666666667,148.47522479814893,71.26923714507325,430.3723528016553,80.46153479736142,448.7569481062319,77.397435579932,461.0133449759496,273.4997854954148
16.633333333333333,181.445211657566,301.7788678562738,400.23107212082857,267.0933046120979,194.78581290532588,88.32924789211506,410.9035531190366,275.0976653607538
16.65,188.8251002514604,85.8509011694274,582.4857457948966,93.83050884936199,593.125222701476,53.93247044968939,574.506138114962,288.0009623944353
16.666666666666668,722.125,186.55208333333337,101.03125,302.48958333333337,741.4479166666665,59.57291666666663,98.27083333333337,100.97916666666663
16.683333333333334,159.22913614908862,305.0972425672743,530.1151970757378,282.2734849717881,162.0821058485244,79.712636311849,384.6137424045139,285.1264546712239
16.7,154.64228154442935,87.67439061955156,525.4726204066367,275.89888079961133,379.38794146091857,84.86506987059556,396.24386595465523,281.51752229752356
16.716666666666665,155.57232034706226,290.34786121416425,570.5232610498088,254.38544635325957,155.57232034706226,77.33971165342109,385.1785075359153,276.51616319073935
16.733333333333334,515.9979150004353,67.09786155775555,682.7932448434608,69.78810881328832,583.254096388752,37.50514174689624,561.7321183444906,24.05390546923286
16.75,168.21646376090752,70.2767670061877,656.2506979463449,75.33411658323894,555.1037064053216,62.690742640611006,537.4029828856426,37.40399475535514
16.766666666666666,198.5387481106182,44.80316717529547,538.257398390359,203.50385051765613,550.655889276481,54.721959884192984,528.3386056814616,34.88437446639796
16.78333333333333,203.64182489330466,214.69800882551692,641.7864116763114,198.0294647631198,606.0681029711748,69.4435534246287,529.8690444002173,219.46044998620175
16.8,536.5189439310627,206.94043865362005,596.3498239913431,206.94043865362005,574.810707169642,65.73956171135842,543.6986495382962,235.65926108255462
16.816666666666666,199.76457494177873,257.37600082943436,644.1335070561522,223.56532121203634,610.3228274387543,78.66240856604497,537.8713711157586,247.71580665303497
16.833333333333332,722.125,186.55208333333337,101.03125,299.72916666666663,741.4479166666665,67.85416666666663,393.63541666666674,100.97916666666663
16.85,154.51432291666663,310.6558159722222,539.8224826388888,279.0260416666665,171.76692708333337,89.24739583333326,387.42447916666663,284.7769097222222
16.866666666666667,163.18555365668408,90.66264851888025,528.2308892144097,284.4174804687499,590.0077921549478,68.19832017686633,393.4449191623263,292.84160359700513
16.883333333333333,159.8583175252985,96.6151105209633,536.274756784792,260.96595019764356,586.6403366857102,72.75773056789683,541.5763967743625,282.1725101559249
16.9,163.08210121687318,302.2745617830459,553.6293439381512,267.49980729416495,192.5068934766956,88.27607262070171,374.405609264688,283.54969398134074
16.916666666666668,162.7259595255183,90.7438123598215,672.981654789268,288.08026909165847,376.97696969151264,71.01016668663783,393.8915231256701,299.3566380477632
16.933333333333334,171.2272845588318,104.81724939683534,526.3668342017861,294.77561315934565,611.7104469066819,66.27497269139849,394.221885497431,297.5286329240198
16.95,161.08448582947608,104.28313488519927,548.7431852773548,294.0461346149301,705.9753850534173,77.1741349238091,380.667385516736,296.7570346110691
16.966666666666665,161.6704355682249,94.27610169632669,566.5405261374237,285.7687121006776,380.51913317319713,61.44879705558094,383.2547418932594,291.2399295408019
16.983333333333334,166.84912453681915,293.41363425618977,565.9033750829951,256.16857087188,196.11310291020533,88.56578564248605,387.65914317236985,266.8100175531114
17.0,722.125,186.55208333333337,101.03125,299.72916666666663,738.6875,67.85416666666663,393.63541666666674,106.5
17.016666666666666,154.51432291666663,312.1510416666665,539.8224826388888,280.5212673611111,157.38975694444446,87.8671875,384.5490451388888,283.3967013888888
17.03333333333333,500.99008305867505,64.7017849109792,707.6853041472257,67.5332262957537,594.427648756239,25.061605524133824,580.2704418323656,16.567281369809848
17.05,185.85950518758222,86.95514454444253,567.8091503212481,252.122558656298,580.7128545487369,84.37440369894477,562.6476686302526,275.3492262657777
17.066666666666666,171.45036880021974,64.05106954065002,512.8608764858587,233.41218752643942,604.2621147639037,72.11588468283048,391.8886493531519,254.91836123892062
17.083333333333332,156.0264973496445,286.63769223486406,677.9948797207472,252.36704086706447,691.1758994775931,83.64998797943531,385.3762411187653,257.6394487698028
17.1,185.712968538989,63.64332817402453,511.3768355782512,77.21265596732712,712.2028869191294,82.64038708464818,375.6835576452253,250.90005172160033
17.116666666666667,123.3806358280616,279.96102874559006,686.1190345477067,219.66762888277094,126.25175010724354,67.49857208613219,407.620949467066,242.63654311622577
17.133333333333333,166.55950291732017,307.4384896205729,525.448787815053,270.98879662314675,183.38243814690145,83.13268655948968,396.4729510549304,282.20408677620094
17.15,166.60331264448052,95.79369770883602,519.8192378749458,292.93746993049115,604.7005842481584,71.15072618112913,388.3900563938424,298.4136858255371
17.166666666666668,722.125,186.55208333333337,101.03125,302.48958333333337,741.4479166666665,56.8125,98.27083333333337,106.5
17.183333333333334,154.51432291666663,313.53125,522.5698784722221,281.90147569444434,171.76692708333337,89.24739583333326,387.42447916666663,284.7769097222222
17.2,160.74162193580912,90.4169449276394,583.702804000289,270.8803826084842,386.3209190368651,62.219532790007406,389.14066025062834,293.43831231858985
17.216666666666665,157.4005223205428,90.91260256287114,511.4285777074135,277.2431580296452,559.3421491131556,64.2939517819035,535.3853634102846,287.8906183420323
17.233333333333334,170.4862926361085,294.70384917180934,519.5311494343938,252.07241628041572,197.13093819322944,86.87561382626541,380.97899253736443,265.39473905897626
17.25,169.59727044548185,299.5583440019918,517.9205014265951,261.4604906134325,155.9908942352821,87.29887512287587,390.02056505071766,269.6243163395525
17.266666666666666,174.12830002329258,93.61574157827533,537.3414774703725,272.66449102401896,562.9198702483358,75.71086663370102,545.0149953037613,280.3380088574079
17.28333333333333,169.6945454157842,85.29776814559773,557.1797192128124,265.77031484558347,167.04053737607865,85.29776814559773,384.6691966319438,279.04035504411195
17.3,163.23663197281564,90.58936946174276,660.031602067949,293.1929047519369,657.2562111735631,68.386242306653,390.81868531248574,298.7436865407094
17.316666666666666,167.8577662256755,86.2636625599456,509.5980976670062,96.69848184059686,681.7726157977528,70.6114336389686,540.9025555089603,276.6991144318321
17.333333333333332,724.8854166666665,186.55208333333337,101.03125,302.48958333333337,741.4479166666665,56.8125,327.38541666666674,100.97916666666663
17.35,154.51432291666663,313.53125,522.5698784722221,281.90147569444434,171.76692708333337,92.12282986111109,387.42447916666663,284.7769097222222
17.366666666666667,158.29769021493416,85.94607558073824,500.90209777266864,105.76616527416093,387.6444423816821,60.463103117766195,387.6444423816821,298.3041794388382
17.383333333333333,157.93269972392795,299.17794455367095,542.8317629667342,277.794663262404,361.07387199096456,79.99931131818414,377.1113329594149,285.8133937466291
17.4,120.92698941310118,64.45257994967994,684.2219238192804,75.28517484210647,85.72105601271505,77.99332356521313,386.32556427755105,67.1607286727866
17.416666666666668,161.59153508349925,297.416842372548,508.0441549340545,257.7466950614157,188.03829995758747,85.84272337984248,375.81033056361366,273.6147539858687
17.433333333333334,120.20992395173914,81.16589882976155,434.0500325080169,251.73117521904305,758.1240576476515,81.16589882976155,447.6952546191593,272.19900838575677
17.45,130.48381677174962,318.6624998875817,719.0228563962232,277.46476711386856,771.9913699624258,92.07496963215954,421.8106413858641,289.23554790635797
17.466666666666665,123.05523563195834,96.2715671787006,688.6523644507578,116.47146463651472,405.853800041358,41.44327407891899,405.853800041358,301.15624139367367
17.483333333333334,159.31529151779773,87.19739449257304,493.25611863149595,103.89443584825801,387.50819004549146,39.889110651465785,384.725349819544,301.47609189052946
17.5,727.6458333333335,183.79166666666663,98.27083333333337,302.48958333333337,741.4479166666665,56.8125,98.27083333333337,100.97916666666663
17.516666666666666,154.51432291666663,313.53125,534.0716145833334,281.90147569444434,157.38975694444446,94.99826388888891,387.42447916666663,284.7769097222222
17.53333333333333,157.8661879080313,90.4169449276394,521.6128044834841,287.7988298910634,716.174948233145,73.49849764506018,383.4454850090873,296.2580535323531
17.55,509.7665870014438,97.61499525261695,512.4513991922828,288.23666080218493,555.4083942457065,49.2883758175152,367.47154088697755,293.60628518386284
17.566666666666666,171.25739056879695,296.45103247591396,520.62382067553,261.5143894652406,195.44429726849387,86.83117441187403,386.2521167883251,272.26412577621704
17.583333333333332,158.59180769849115,295.9602608230447,528.9013275907695,257.84016318707484,131.36316652994128,94.46831617577573,400.92671409858497,274.17734788820474
17.6,166.94032889531968,287.2270641617906,574.6941053138339,248.91462879360824,153.25731626382583,90.19168226828037,391.3417360518174,268.07084647769943
17.616666666666667,736.1260389102795,47.2843914864751,741.4264246627138,52.58477723890928,730.8256531578454,73.78632024864567,749.3770032913649,28.733041352955752
17.633333333333333,133.54188445240118,243.239928815722,736.348613702618,246.04368104479272,155.97190228496743,122.67858296567863,433.5433729629742,108.65982182032474
17.65,112.86421176300405,48.554383409619845,728.9230511584385,51.292422695821756,622.1395189965631,67.72065841303345,600.2352047069478,29.38810840620647
17.666666666666668,724.8854166666665,186.55208333333337,95.51041666666663,302.48958333333337,741.4479166666665,56.8125,95.51041666666663,103.73958333333337
17.683333333333334,152.1569163004558,314.20517985026027,582.2701789008245,282.45185173882373,155.04358249240454,94.81854926215283,391.75021023220484,291.11185031467016
17.7,160.50823328644037,107.95325630351351,517.0307712267945,298.8472136259078,707.924728549189,65.84429512945587,564.7542605573933,304.4617417824488
17.716666666666665,152.97284930550984,99.029775273464,515.0980357041573,292.53178327274134,573.1486381039405,71.38663127356733,376.8823157046736,289.7674688727517
17.733333333333334,165.59313233280648,294.71569962976434,557.4630435520459,257.39475570412253,152.26422378793438,86.78472632975979,381.5214507597343,268.05788254002016
17.75,167.36945237130612,66.93064019353585,521.3101146590473,213.95214606690524,153.75634997562383,80.54374258921825,390.62433166049664,257.5140737330887
17.766666666666666,167.13724971325473,261.2009556319193,532.6791822066913,208.62300643765798,595.2719788665263,63.407718186840725,522.6643347411177,228.6527013688052
17.78333333333333,495.0819386817583,41.633493551912466,663.4223312610414,41.633493551912466,643.6175791928903,66.3894336371012,611.4348570821452,19.353147475242736
17.8,175.8939006400281,282.54054136332934,573.9874684161741,250.19543898151744,596.3802316035822,85.9818422738573,541.6423660343621,262.63586297452207
17.816666666666666,171.2076836332883,291.6116838582285,495.21755462296755,258.1820939942139,196.92275275945337,75.6051031984423,379.499743555225,263.325107819447
17.833333333333332,730.40625,189.3125,70.66666666666663,302.48958333333337,744.2083333333335,56.8125,95.51041666666663,103.73958333333337
17.85,149.79950968424475,313.4989013671875,520.730499267578,284.5199178059895,152.69740804036462,81.66703287760413,387.42717488606775,293.2136128743489
17.866666666666667,156.94520631432533,91.04416784147418,517.9797598123549,291.618919784824,380.44278705120075,59.525278250376346,377.57743345201004,291.618919784824
17.883333333333333,152.23024458128202,290.55560497262434,517.8146661967766,244.1754917825989,103.12188943890214,85.93745854604151,389.587294436118,266.0014274014344
17.9,170.00466985290365,269.1452999637178,547.8910470426215,230.8460049782734,581.0837693633398,77.64882503649596,542.7844743778955,248.7190093048141
17.916666666666668,159.96024754606566,277.59100929519775,537.1871088813791,246.7969797984374,598.7751678748996,79.99598669098589,532.0547706319189,254.49548717262746
17.933333333333334,169.87992800054764,278.27640700575785,546.7129258129735,245.83383103515166,594.1289983853978,76.13420288121154,539.2261775120644,258.3117448700002
17.95,192.78453611080505,273.6045005953273,659.6908496901799,258.8600906928207,667.0630546414332,81.92717186274183,851.3681784227654,276.06190224574505
17.966666666666665,189.27201962415643,79.32658176980306,750.3167348068152,240.98353360209455,728.1285257317948,85.66607007695166,449.1910402172525,288.5296959057097
17.983333333333334,174.71874605186167,75.13533803548694,541.9168907957646,264.3836126342678,174.71874605186167,72.31073692207246,420.4590429189351,272.8574159745117
18.0,730.40625,192.07291666666663,67.90625,299.72916666666663,744.2083333333335,56.8125,92.75,103.73958333333337
18.016666666666666,147.84511311848962,324.9880574544271,679.3511216905384,287.0233425564237,98.1989474826388,76.75722927517347,384.39449055989587,289.9437052408854
18.03333333333333,138.45470211682505,324.4461932844587,540.2184649816268,292.4215455198731,353.8932416240375,91.53966408747215,391.7405526185479,289.51021390491076
18.05,156.8419599272088,310.1728972385771,520.9242591388472,278.63820990528563,348.91687368452995,86.56329614796459,383.31835077539336,284.37178942042965
18.066666666666666,163.04307253758168,83.8476847565147,526.0811211832295,261.27229499686894,378.68221421431997,62.01080965000949,389.60065176757246,285.8387794916872
18.083333333333332,165.26798852336822,288.4937511232887,541.4778241391833,254.99561507530507,191.03578548335554,77.19781605139235,373.9871438992658,260.1491744673026
18.1,719.6908269227054,46.61365547993864,722.3015778353995,49.22440639263266,690.9725668830708,62.27816095610285,722.3015778353995,17.895395440304355
18.116666666666667,177.43862722458653,298.039931486558,579.50446602522,263.65272158913547,174.79345723247718,83.7811621256941,579.50446602522,279.523741541792
18.133333333333333,172.6377986793371,280.36628673621874,561.7283553800041,251.83297924483657,709.5827669262576,85.8210083858852,465.75268472717306,262.20872742352105
18.15,161.79299710601902,59.57386122928392,519.6203640023409,235.8171911931439,709.2154613877055,78.26633561939025,386.1026897872955,246.49860513034753
18.166666666666668,730.40625,189.3125,95.51041666666663,302.48958333333337,741.4479166666665,59.57291666666663,95.51041666666663,103.73958333333337
18.183333333333334,152.1569163004558,309.9383053249783,538.9701860215928,283.9583095974392,169.47691345214844,81.8916761610243,385.97687784830714,286.84497578938795
18.2,161.7283947611296,85.74996111679957,576.7336433529854,287.56758200735953,386.28602927316115,48.79743898190827,391.971032678529,290.4100837100434
18.216666666666665,166.46127113132115,83.9914407763207,556.5418880938807,276.3599642099118,561.8854581892583,57.27359029943307,540.5111778077483,284.37531935297807
18.233333333333334,169.7105513846301,292.4915622126889,522.9045318098929,262.83405240598745,169.7105513846301,87.58513082093327,388.09766905215906,270.92246417145157
18.25,175.54954915759367,82.04585012890573,521.9026956520936,272.40788484344023,577.4249557771661,66.18234723602802,553.6297014378492,285.62747058750494
18.266666666666666,157.45524117040486,63.88957533354176,671.263358957302,71.63542635545468,565.4033949911573,53.561773970991,547.3297426066936,25.16032022397667
18.28333333333333,165.7923689060675,274.49376788913935,599.7945196699928,239.6664348031453,125.60698457607441,92.32002559317073,385.47246991002964,258.41961415714206
18.3,163.02351918280942,53.15628140516094,367.11172594988034,64.18807636554311,607.0532663381935,66.94602510563868,380.9014696503581,199.3275646302252
18.316666666666666,186.7820984334242,155.17165615598708,558.8178920192306,180.3092097766497,563.8454027433631,57.13519703540294,548.7628705709656,119.9790810870594
18.333333333333332,727.6458333333335,189.3125,73.42708333333337,299.72916666666663,741.4479166666665,70.61458333333337,95.51041666666663,100.97916666666663
18.35,149.79950968424475,313.4989013671875,535.2199910481769,284.5199178059895,152.69740804036462,78.76913452148438,384.5292765299479,293.2136128743489
18.366666666666667,159.8431046704451,101.21935684482253,503.6855365733303,124.14218563834822,606.8382661441959,46.777638460199,391.93674620489264,301.79410878817237
18.383333333333333,164.1840407546357,305.83097414536553,515.4743400043759,289.7413421186599,367.9860464262406,64.48649374478066,376.0308624395934,289.7413421186599
18.4,154.36414516628793,309.4125583579075,524.5251944786,272.95730350139195,123.51739105692866,82.26827809807969,389.9211765468501,278.56580424854815
18.416666666666668,161.71982534541974,103.7218888662544,523.6616460237155,298.6136384622599,598.8341780107462,70.31187464979632,559.8558280915452,298.6136384622599
18.433333333333334,506.66707458328824,77.36609680837387,501.29721959651204,82.73595179514996,694.6119991204516,45.14696688771721,533.5163495171687,39.77711190094112
18.45,184.18866643089603,290.19248565071894,575.8498425293724,256.2485170555176,212.91048601145093,76.08437605021845,398.2967760313965,264.08174057748715
18.466666666666665,172.48132910541767,62.03795114526304,515.1211112553706,70.0063181720061,573.5558027848201,72.66244051425372,390.2833611697289,253.27875978709733
18.483333333333334,130.3607796380452,49.42007308484904,523.2671583411411,218.961866634815,361.79878353164963,65.56691056579814,394.09245849354795,243.18212285623872
18.5,730.40625,189.3125,98.27083333333337,299.72916666666663,738.6875,59.57291666666663,332.90625,100.97916666666663
18.516666666666666,152.1569163004558,314.20517985026027,579.3835127088757,282.45185173882373,169.47691345214844,89.04521687825513,391.75021023220484,288.2251841227212
18.53333333333333,160.9296752744251,89.0903210375044,521.762949268023,292.0590376589032,383.6314615673489,46.805171741379695,392.0884914265737,292.0590376589032
18.55,163.7927322580167,89.00222697647075,573.9807039456855,262.43740963635753,375.7690666201006,80.74340875457153,389.5337636565994,289.96680370935553
18.566666666666666,688.3513565485638,57.42945314900146,688.3513565485638,60.050660104194094,690.9725635037565,33.83859055226742,549.4273879233525,23.35376273149666
18.583333333333332,176.99585985811564,63.931275088639495,680.7590715592071,226.60481220045017,730.6106393837943,82.29764218190849,546.9469684511046,252.84247947654876
18.6,113.08937495359748,24.852780707641728,725.1948500544406,27.66060398792081,612.8819188432767,36.084073828758164,612.8819188432767,-3.225452095149194
18.616666666666667,127.86746437651175,266.82280151752684,540.4835848488408,226.89220921375306,599.0484535610424,64.50780051173967,583.0762166395327,253.51260408293558
18.633333333333333,164.91244747083317,60.4627483226335,596.5839873172939,230.99965295333402,679.1878004977897,79.11522226661634,553.9497611596188,246.98748776246225
18.65,131.59144735187374,273.3285558768072,617.1269498662298,234.92461782482417,614.3838114339453,67.59317345546981,397.6758752834701,237.66775625710864
18.666666666666668,724.8854166666665,189.3125,98.27083333333337,302.48958333333337,738.6875,73.375,327.38541666666674,100.97916666666663
18.683333333333334,152.1569163004558,307.0516391330293,538.9701860215928,281.07164340549036,155.04358249240454,81.8916761610243,388.8635440402561,289.7316419813369
18.7,147.89034473647678,315.24227255168887,673.0718989943465,289.55404435429307,379.084398513039,84.04821877512666,393.3556364004811,289.55404435429307
18.716666666666665,162.27307666991453,85.38614732707435,663.9962836503014,277.71337666955594,374.1117640616334,85.38614732707435,390.8358709609796,286.07543011922905
18.733333333333334,164.26741190020766,288.11513239297744,569.1682747383833,255.7230633659234,704.1352290177753,93.76271823065315,561.0702574816197,274.6184369650383
18.75,149.05990488384418,63.322661501331254,674.1657113771034,224.68329995498914,696.0451199809893,79.7322179542457,370.58891699818787,254.76748678533204
18.766666666666666,121.43821985193654,276.8178282689357,605.9928714583797,222.06589023430934,99.53744463808596,71.49806063908693,386.98511931987434,249.44185925162253
18.78333333333333,113.91606638594891,62.795140280262785,691.8680424985287,70.74860784144505,691.8680424985287,73.39976369517251,548.7056263972477,30.981270035533612
18.8,169.50144964855645,298.209926732447,527.0342396065976,265.458831469115,622.5582674579828,85.32780752078895,390.5713426760476,273.646605284948
18.816666666666666,173.6362043511266,284.80440165572134,505.6870359122796,254.153555665461,173.6362043511266,77.91119122146449,380.52941478538344,261.81626716302617
18.833333333333332,730.40625,189.3125,73.42708333333337,299.72916666666663,741.4479166666665,73.375,95.51041666666663,100.97916666666663
18.85,152.1569163004558,314.20517985026027,585.1568450927734,282.45185173882373,152.1569163004558,91.9318830702041,391.75021023220484,291.11185031467016
18.866666666666667,160.86201903555138,84.82797798845502,524.5143029822243,98.92302775382996,389.20182523462495,53.818868504630245,389.20182523462495,296.25372446907886
18.883333333333333,495.29735705255143,57.536254350954096,119.67024550735903,60.16301736875266,566.2199585331123,36.52215020856579,542.5790913729254,26.015098137371524
18.9,165.41628113633772,281.0146165924233,541.2605794675072,250.74527712951033,667.3828272296445,86.7863550387317,536.2156895570216,260.8350569504813
18.916666666666668,149.56724711091596,60.059277143825625,528.2419060412788,234.8321966501469,620.9245148703885,70.65157529572389,528.2419060412788,256.0167929539434
18.933333333333334,155.30215593290313,38.832873673658014,570.7878093520894,44.026444341397905,562.9974533504799,44.026444341397905,537.0296000117805,7.671449667219008
18.95,185.47161132303484,185.95910601504,571.851206471233,145.5533967184964,561.749779147097,69.79269178747711,544.0722813298593,241.5169562977875
18.966666666666665,660.9489521661503,164.9473480068276,658.4827833858437,199.4737109311203,636.2872643630842,53.96975289302998,606.6932389994047,206.87221727204007
18.983333333333334,173.18058577160048,265.03269767427116,581.3186742832812,227.70299445673948,616.1597306196444,75.89553470544331,543.9889710657495,237.65758198141464
19.0,730.40625,189.3125,95.51041666666663,302.48958333333337,741.4479166666665,70.61458333333337,95.51041666666663,100.97916666666663
19.016666666666666,152.1569163004558,311.31851365831153,564.9501817491318,282.45185173882373,152.1569163004558,91.9318830702041,391.75021023220484,293.9985165066189
19.03333333333333,160.86201903555138,86.27131108442939,499.14321340454944,100.36636084980432,386.38281528154994,52.4431916475296,389.20182523462495,297.6970575650532
19.05,158.09118552210407,289.9397331385171,545.624760003868,279.24915177350294,580.3691494401644,70.78281515572621,548.2974053451219,287.26708779726346
19.066666666666666,155.32893000176557,93.34065523733193,565.2846242938997,263.9262461508374,645.0746587534425,85.08651374151714,380.94213088736956,288.6886706382817
19.083333333333332,513.4848708702946,84.73900865250073,542.5481186501547,274.97117593885685,566.3271395609493,74.17055491436975,539.9060052156221,282.897516242455
19.1,175.0724550046275,296.26805512697524,561.1977240259387,259.24234439890427,190.94061674522936,298.9127487504089,391.93733212618577,275.1105061395061
19.116666666666667,123.71271145423543,51.884417695177376,607.5186030652767,60.08451755299154,591.1184033496484,68.28461741080582,569.2514703954769,270.5537472368909
19.133333333333333,504.8291689571897,48.09623137305891,678.0224672778869,48.09623137305891,662.7407056613548,45.5492711036369,548.1274935373641,12.43878760115058
19.15,165.9980569952363,271.33663571699515,504.23512695424665,250.36069339395578,687.7746222808414,82.55315480964055,381.0014658063901,258.2266717650956
19.166666666666668,724.8854166666665,194.83333333333337,73.42708333333337,299.72916666666663,741.4479166666665,73.375,95.51041666666663,100.97916666666663
19.183333333333334,149.79950968424475,317.7770080566406,567.0968729654948,285.90012613932277,349.7544962565104,88.84303792317701,387.42717488606775,294.59382120768214
19.2,118.56220299005508,109.50943023628656,517.0703932709163,286.31235972709123,713.5180927051437,53.381516112221675,564.7791202763714,303.1507339643107
19.216666666666665,485.5167123815087,80.62511401274026,109.36650664284093,83.41141183302659,574.6782426306744,38.83064670844385,516.1659884046593,36.044348888157515
19.233333333333334,491.979073048677,70.88894410653438,486.6958097663955,73.53057574767513,565.9447590006164,41.83099605398672,539.5284425892094,31.26446948942396
19.25,179.7781127104264,272.9118514122084,581.2682862939522,257.94948469480994,581.2682862939522,80.89481187226136,546.3560972866891,267.92439583974226
19.266666666666666,501.7015664739326,50.049542203874466,499.1749623936427,52.57614628416434,577.4996888826286,62.682562605323824,539.6006276782805,19.730293240396122
19.28333333333333,174.39160459032723,280.7094958560009,534.136599615974,245.73428800628528,669.0409727505914,73.35647788982953,379.24639342437604,255.7272045347754
19.3,175.3064834228917,274.0077034478559,509.4202330754139,243.63372620671748,582.824011408165,276.5388682179507,544.8565398567418,256.2895500571917
19.316666666666666,167.88025032625603,254.4607999897355,534.2070266231884,239.19718431069668,577.4539377137986,71.29741184126931,531.663090676682,249.3729280967226
19.333333333333332,730.40625,192.07291666666663,73.42708333333337,299.72916666666663,744.2083333333335,73.375,327.38541666666674,100.97916666666663
19.35,140.96833292643225,323.57280476888025,708.9564107259117,291.6959228515626,155.45782470703136,80.14934285481775,390.1875915527345,297.4917195638021
19.366666666666667,500.71524604161607,96.86885797977448,729.9435339768728,108.33027237653732,735.6742411752545,39.561785995960236,388.9664556731782,33.83107879757881
19.383333333333333,157.9967565498713,99.2221415509847,691.2631258523812,299.5497194371127,753.336459845266,45.613353102584256,400.6470621584208,293.90668907412316
19.4,158.58089836479007,93.0647724830352,671.0826793784868,289.52378853828566,383.5122355874681,50.356290731893864,389.20669982095365,298.06548488851377
19.416666666666668,149.6786638331123,89.25826782696004,607.3953242671657,279.5139881278617,604.6379949874424,83.74360926751365,566.0353850713175,290.54330524675447
19.433333333333334,156.61327516616632,285.1309694535479,525.6259705197489,251.5843607850403,595.2996962158799,83.85131744250282,368.2149606136751,272.22842765796804
19.45,156.5931149446106,286.3607429684391,559.7975460564794,253.60038294059973,655.5585984455483,82.23849971805544,527.0371860286402,261.16046602394727
19.466666666666665,488.5235010545055,50.30584409897233,648.0862897643187,52.83858677690591,650.6190324422523,37.64213070930464,531.5801265793757,22.445674641703363
19.483333333333334,193.28501790824123,250.97953153680578,566.1060592368704,236.26291148435996,647.0474695253226,79.28563092493721,529.3145091057556,246.07399151932384
19.5,724.8854166666665,192.07291666666663,98.27083333333337,299.72916666666663,738.6875,73.375,327.38541666666674,103.73958333333337
19.516666666666666,155.04358249240454,92.93334282769092,538.9701860215928,289.22664388020826,377.31687927246094,64.06668090820312,388.8635440402561,294.99997626410595
19.53333333333333,147.4068845295243,82.98223769333629,523.9561390115153,261.6369934694634,375.5352649821175,71.98809887634377,383.78086909486194,286.3738058076964
19.55,183.6630277001774,276.0354859810079,524.8812642993385,250.7600610477367,666.4236439256572,88.99734147480103,527.4088067926657,270.98040099435366
19.566666666666666,177.08746793238112,280.5376710472468,564.4568039153153,243.05031595212415,661.9239271626343,73.10763952090144,404.51075550945865,253.0469439774903
19.583333333333332,154.88629778164545,258.9051567387744,531.9970498290437,240.82450424335116,593.9878583847805,75.51568142805331,524.2481987595767,248.5733553128183
19.6,185.80939290239854,257.3950724808792,497.35886156045643,239.6646149149734,591.0769944088154,69.95880678416142,520.1551641451924,247.2633824432187
19.616666666666667,168.62641598305902,268.9581275824539,503.46360057728873,235.73001002730132,580.1438718584101,69.58942225153851,539.2477271751453,243.39803715541348
19.633333333333333,158.93155355936528,271.68054346387567,576.779125579538,235.5702594621323,589.6756555801605,75.65328745441184,538.08953557767,245.88748346263037
19.65,166.0657863337982,282.7849091880446,544.051242040523,249.35762398949066,595.4778346536827,79.64986836606317,533.765923517891,254.50028325080666
19.666666666666668,722.125,189.3125,98.27083333333337,299.72916666666663,741.4479166666665,70.61458333333337,327.38541666666674,103.73958333333337
19.683333333333334,143.01258680555554,310.6558159722222,534.0716145833334,281.90147569444434,352.91927083333326,86.37196180555566,387.42447916666663,287.65234375
19.7,161.89104673597558,69.21623505486377,494.64391030205604,71.98917558458118,583.3780072530109,33.16800816853845,383.72628911336255,24.849186579386355
19.716666666666665,171.63786048593914,286.63932466230983,545.3349240611269,265.87837668591067,589.4519385109757,84.22008189241649,550.5251610552268,281.44908766821015
19.733333333333334,175.4418378922593,286.10078688826377,509.0184708748718,252.7431235900026,670.6748391664456,73.12493659936513,385.8517140812918,263.0070199894676
19.75,170.20464466108695,58.30710439505924,498.67772889689513,253.7621627833089,609.9785260346486,77.30967951613911,395.520892525319,259.1914699607603
19.766666666666666,162.2400701834879,59.37679455428861,508.7405927450768,73.0185474110441,710.6385350250578,75.74689798239513,383.2364664629265,253.08968512021636
19.78333333333333,150.12546537602861,278.6395514081812,715.7897177444056,239.62822365863803,701.8571006909974,66.86377219637507,389.76647869465137,261.9204109440914
19.8,147.0885902526686,59.840318170037904,702.1482706176994,255.08744191653113,119.19614400316948,79.36503054468722,386.96362799836027,263.45517579138084
19.816666666666666,508.93133924795995,40.85493239279094,722.1650958135475,49.162741090151485,716.626556681974,51.93201065593837,738.7807132082686,18.700775866496087
19.833333333333332,730.40625,194.83333333333337,733.1666666666665,310.77083333333337,746.96875,73.375,321.86458333333326,114.78125
19.85,155.45782470703136,317.36456298828136,708.9564107259117,297.07927449544275,766.9143778483075,82.63479614257801,390.1875915527345,297.07927449544275
19.866666666666667,155.63469838599372,325.5304669986168,714.8385217934849,287.6677081220681,758.5263204971952,83.79131417142014,394.4613312996098,293.4927479492293
19.883333333333333,144.80566112918427,319.17686927698253,707.4590951179135,293.47189005922326,356.15771247520445,84.97594751517624,396.1432357028299,296.32799886119653
19.9,144.90793065008836,320.05592229529805,713.270793074012,294.2212467305741,770.6811832178427,81.80280319840062,386.03156925417716,294.2212467305741
19.916666666666668,160.74250863474572,315.8015357991252,514.0677653589642,289.52114480310877,741.8311539911049,82.19806027898073,397.2660275988919,295.3612316911125
19.933333333333334,154.8011897718768,308.02378336405195,525.3316048158072,277.83241621232435,720.2031564315034,85.70553433769385,393.58745724463176,288.8110951765889
19.95,155.39443870028435,82.43551765400173,518.2233390410927,276.313556004052,598.5442406432562,85.20520391614525,379.7390259339139,284.62261479048277
19.966666666666665,160.0060745176229,277.19125443380346,532.2840949334297,264.17454043325074,623.4010929372987,89.75057282584476,542.697466133872,277.19125443380346
19.983333333333334,725.3111162999594,41.194670346048724,748.8594197042796,43.81114850208428,691.296900271497,51.660582970190944,730.5440726120305,15.029888785692947
20.0,746.96875,357.69791666666663,755.25,330.0937499999999,758.0104166666665,330.0937499999999,774.5729166666665,352.17708333333337
20.016666666666666,195.06782701280383,122.78394232855908,527.9891730414496,294.7933044433594,638.9629550509982,61.74836222330737,422.5640801323784,311.43937174479163
20.03333333333333,533.5812112755245,112.92923929073197,556.3395064142015,312.69649661911853,710.5901734652342,92.69964361190796,566.4543042536135,317.7538955388245
20.05,753.7706800619036,92.57617195859473,757.2896221813279,324.826351840601,760.8085643007522,53.867808644927095,331.4976257309836,328.3452939600253
20.066666666666666,140.0411718346544,83.71867848904787,506.95560791151206,292.12607818070296,741.780847000701,63.171470068743815,380.7370419010731,289.19076269208813
20.083333333333332,165.91628362882454,66.9514531654105,697.9422159402679,269.23214617965743,661.9196267733473,72.49338996032145,393.1356922201701,291.3998933593008
20.1,172.31467696455036,300.38253944851306,561.8129813676184,263.287462838697,707.5436394776099,300.38253944851306,561.8129813676184,287.1342978021502
20.116666666666667,164.6745126088549,73.20797081121304,520.6778810682474,270.37906718872284,706.8950276470066,73.20797081121304,389.23048348324096,281.33301698747334
20.133333333333333,168.6592257924823,294.62965722169884,544.71096103035,284.1107275646955,697.2354410568975,76.36186683888059,552.6001582731022,291.999924807448
20.15,166.46863814662697,87.0746878994737,526.740694849959,296.5351859828064,602.1464741599591,39.59697500058496,574.218407748848,304.91360590613965
20.166666666666668,738.6875,335.61458333333337,741.4479166666665,324.57291666666663,752.4895833333335,78.89583333333337,771.8125,327.33333333333337
20.183333333333334,743.1659884982637,134.21334330240893,122.53275722927515,154.4200066460503,743.1659884982637,76.48001946343311,393.87937927246094,333.393310546875
20.2,150.65942903608084,100.49657475865547,715.7652117543748,122.76675338794792,718.5489840830367,53.17244517140921,384.4963046436508,309.2794994082716
20.216666666666665,168.38151088231587,88.55408272759087,709.9122216922573,311.3714064462647,743.7578911178788,37.78557858915883,396.8397795052599,305.7304615419944
20.233333333333334,536.8153652291667,85.52519645819189,536.8153652291667,284.6659760376534,617.0248458931164,66.16428733241094,578.3030276415543,290.1976643593051
20.25,163.60917251658498,83.83525847320811,530.5426971730228,286.7606168059351,700.1104623551646,300.65961395201225,566.6800897528235,295.1000150935814
20.266666666666666,742.0585587223048,66.81984556078385,756.027684271951,64.02602045085462,753.2338591620218,75.20132089057165,769.9968098215974,309.88263012462903
20.28333333333333,185.84999584583272,312.8483409590949,728.3813660698876,276.4931460471737,753.5503471627561,83.53095766851493,415.1673791364126,284.8828064114632
20.3,170.52766854314848,81.10081461920186,737.8720783233489,282.8882593348402,770.0410912490304,75.25190317816885,413.25749334601767,285.81271505535676
20.316666666666666,171.56008137807692,72.98002375856845,743.4211188164774,277.42775216918835,761.1991821565313,70.01701320189284,417.48995758215597,283.3537732825396
20.333333333333332,738.6875,203.11458333333337,741.4479166666665,321.8124999999999,749.7291666666665,302.48958333333337,774.5729166666665,327.33333333333337
20.35,169.1224263509115,114.654551188151,522.6660257975262,320.40533447265636,751.5999959309898,45.104990641276004,751.5999959309898,317.5074361165365
20.366666666666667,768.4765748828651,100.7749198526144,771.4834274252256,109.79547747969627,771.4834274252256,73.71324697136879,780.5039850523075,37.631016463041306
20.383333333333333,103.63916128321819,317.4327401509896,756.7633573130639,299.3740066202105,786.861246531029,91.69857101625053,777.8318797656394,302.3837955420071
20.4,775.3315603227929,107.15705070638899,784.2962636543157,316.3334617752554,769.355091435111,319.32169621909645,784.2962636543157,328.2863995506192
20.416666666666668,99.54068720279929,312.8462155248749,769.8142212064305,294.97225461811126,778.7512016598122,92.40069767479167,784.7091886287334,297.951248102572
20.433333333333334,772.5866633848395,78.96031691482312,781.7141946909871,319.31864131004147,778.6716842556048,66.79027517329303,790.8417259971347,334.53119348695407
20.45,175.7618937850225,308.5470451201912,761.6085686839942,287.83529398739927,767.5262118647918,83.67660424987878,782.320319816786,293.75293716819704
20.466666666666665,161.85629915241054,288.46230989083347,770.4156860741656,267.4775034452557,791.4004925197434,90.60556340395738,794.3983220119688,279.4688214141572
20.483333333333334,773.7443307349665,300.61171652436417,773.7443307349665,288.6086882840085,785.7473589753222,84.55720819796363,794.7496301555889,294.6102024041862
20.5,849.5407962799072,376.09621238708496,850.4900121688843,377.99464416503906,808.724513053894,384.6391553878784,811.5721607208252,383.68993949890137
20.516666666666666,851.2166397128021,374.76218864077237,847.9577655822504,379.10735414817464,800.1609450008254,376.9347713944735,800.1609450008254,382.36622827872634
20.53333333333333,849.8460455146665,372.8686045512428,840.1493832914978,381.4878598607261,800.2853274851377,375.02341837861366,790.588665261969,383.6426736880969
20.55,854.5074875607788,368.3019879915523,829.173563397125,380.41821259156063,825.8691385062136,368.3019879915523,782.911614924366,382.6211625188348
20.566666666666666,851.5617949944503,372.9509868126847,819.7827901536748,383.90926434398665,830.7410676849768,369.6635035532941,773.7580245222068,382.8134365908565
20.583333333333332,857.2263362583727,371.9738113077267,808.8156839319792,385.17671648765213,826.4195575052132,369.7733271110724,764.805999998894,381.87599019267077
20.6,859.9173092420255,376.44112730803874,798.7908828502854,383.1094647325923,825.4642325484991,375.32973773727986,755.4466895906879,381.9980751618333
20.616666666666667,856.4816611109343,379.9665874381341,789.9366678910558,385.51200353979067,823.209164500995,378.8575042178027,748.9005887387973,381.0756706584654
20.633333333333333,859.1369893824624,377.9439185768365,781.6622734602711,384.58460851302436,819.2928497653354,377.9439185768365,741.8181338431441,382.3710452009618
20.65,857.7351380075868,381.4688127914186,775.1520951304951,385.87324174486344,819.1963846649442,380.36770555305736,735.5122345494913,380.36770555305736
20.666666666666668,858.4585324923198,381.44699281454086,768.4915971755981,387.12911492586136,813.0015546480815,384.2880538702011,724.9286600748698,378.6059317588806
20.683333333333334,855.9775735999308,379.67653179291665,763.3650639069044,382.9452086056117,814.5743339724602,377.4974139177866,721.9618242794338,373.13917816752655
20.7,852.9240953176289,379.8667257969105,756.4505143407265,387.454535536667,810.6491553389862,378.7827529769454,714.1755743620838,374.4468616970846
20.716666666666665,854.9369608617343,382.1389403067302,751.7001939993263,383.2372037839899,816.4977391576462,378.8441498749512,711.064445340719,370.058042056874
20.733333333333334,860.1016950167576,381.2390935709677,749.3368897296567,385.58281142536384,816.6645164727964,376.8953757165716,706.9856406492946,370.37979893497743
20.75,859.0033049367548,381.3833185778519,745.2670403166419,384.66417236497057,815.258587775173,380.2897006488124,704.8031769421787,370.4471392874565
20.766666666666666,853.0578254338611,379.36589253492645,742.4945479887253,384.8393221114183,811.4597606525228,379.36589253492645,704.1805409532822,371.7030911278378
20.78333333333333,860.0491428658065,383.92730656308925,738.4470697552692,387.18450494997865,815.5340982449848,380.67010817619985,699.3606891125964,369.8127802199019
20.8,856.7081818901918,382.9603257919815,736.8030964157925,386.2604657591668,813.806362316783,384.06037244770994,696.1013701538405,370.8598125789687
20.816666666666666,859.8986126144902,382.09661728494467,734.1156899556983,388.6026305259167,816.5251910080102,383.18095282510666,691.8266038893803,372.33759742348667
20.833333333333332,861.4251689910889,387.95225715637207,732.9298448562622,389.88451766967773,814.0847864151001,388.9183874130249,689.4539833068848,373.4603033065796
20.85,858.8054605693324,383.39309413614683,732.0893162504071,387.83927463856526,816.5667457963573,385.61618438735604,692.0736917286413,373.38918800570536
20.866666666666667,860.2573078403248,382.4377243571696,731.9146875179056,390.24988385505594,815.616396423831,385.7857927134065,689.5058216722366,375.7415876446955
20.883333333333333,860.040969439051,382.58553743360665,731.1813439322275,390.4291668122829,814.0997116496617,387.0676113642787,687.4811231081744,375.8624265375985
20.9,857.2664825124839,380.45365253726106,729.7514244720455,390.6097191068535,812.1284088698508,386.09591174259015,687.9987063526099,378.1967488551294
20.916666666666668,856.8325685355114,381.80801514729023,728.8486078990052,391.912012039646,810.8032493592241,387.42134675415457,683.9419550440907,378.4400161831717
20.933333333333334,856.653177640165,379.7675636264259,728.9348087188469,389.85059275179316,810.71937829127,388.73025618230787,683.0010093699518,379.7675636264259
20.95,856.17725341387,377.69428452566956,727.2127288747358,392.27288295183257,811.3200274872147,388.90859100733337,680.1126416517475,379.9371458220023
20.966666666666665,855.106473319881,375.51302525468776,728.6169812659576,391.3242117614281,809.9316547291941,389.06547083189383,680.0540512809692,380.0305071137564
20.983333333333334,853.2342991363437,373.47210724194196,728.1343242838838,391.50453604950377,810.4072807183845,390.3775092490311,679.6721718635614,381.36129484525014
21.0,850.7489056587219,368.7158489227295,729.4186611175537,390.97827911376953,809.5634098052979,386.5257930755615,681.5544362068176,384.2995500564575
21.016666666666666,847.353015428409,362.963815262774,728.9343880389351,391.15872654598206,810.1357325345743,391.15872654598206,678.1835477291606,383.2641513866838
21.03333333333333,846.3067198925087,360.8591091900314,728.9013471272751,390.2104523813398,811.3108876259487,389.08155456628947,679.2298432650609,383.43706549103786
21.05,843.6322022173991,357.8199597255392,730.1980913215651,389.26703997388927,811.0620119601796,385.8977099472803,680.7812509313007,383.65148992954107
21.066666666666666,841.9157303776717,358.44622516993815,731.2087806508359,390.5512405907205,813.1319234486944,383.9088236071104,681.3906532737599,383.9088236071104
21.083333333333332,839.4602307725245,357.3832114168238,730.5303762469923,389.61755612335884,812.7835317050472,385.1714396121126,680.5115654954725,384.05991048430104
21.1,836.9903620330772,352.9678953342902,729.8537166082722,388.6801104758918,812.4382141232261,383.1000768600165,679.6334140653948,385.33209030636675
21.116666666666667,832.2650435272117,346.2758057026339,730.2993291560634,388.85489522025625,813.2165034798543,384.37288579734866,680.9972255040797,386.61389050880246
21.133333333333333,827.2917200830918,344.16939258273703,730.8344128005464,386.79006324246654,813.8325609273879,382.30367685723184,682.6057591592737,385.66846664615775
21.15,824.6001346965156,343.88146318307435,730.6260302297967,386.99899346780427,812.4387800008226,384.7878380685874,681.9806114470246,384.7878380685874
21.166666666666668,821.5807628631592,343.07305240631104,731.567024230957,389.99510765075684,812.9624261856079,383.2919569015503,681.7721900939941,387.12232875823975
21.183333333333334,820.3076738772215,345.0035514057381,730.2995461412938,386.63231048360467,805.6813531201333,382.1319040968083,683.0452790799318,386.63231048360467
21.2,818.0124226706744,343.72984630224846,730.6700935177457,386.8482113271118,801.4284361226498,380.2146167079021,680.9181338736726,384.6370131207086
21.216666666666665,813.2612616807927,345.2325001615071,729.666524800533,388.1297993500615,796.7623004544256,380.43028411109015,679.0697103730073,383.7300763563636
21.233333333333334,810.0237702005668,349.77078864987965,729.6504125337103,388.3059601339889,785.8016624105553,381.69993073671304,679.0041871545952,383.90194053580495
21.25,803.4584640069728,345.10966182844965,731.1680574709263,387.3717456495231,783.4395821969907,376.2501446439774,680.0086928454165,384.03526534785937
21.266666666666666,799.7988707854703,346.2302391563278,730.5671760494109,388.6625681881061,779.6993465072595,374.1462450982873,678.0850848785271,383.07936699971435
21.28333333333333,796.709572159159,343.29278833577484,730.0546556278202,388.8403146321896,773.3803513731905,375.50933132592195,678.9525529537939,385.50756880562267
21.3,792.4851920629926,344.40316117219766,731.1387201679236,389.0187770958843,766.8312129068728,376.7494827168705,680.9461522537761,385.67260590160777
21.316666666666666,788.5434742865316,355.38700624110555,731.0822154053249,389.1877467594624,761.5028818718461,377.92083325334346,681.5077959784014,386.9343640582386
21.333333333333332,783.0157856941223,351.0881221294403,726.732705116272,390.48627853393555,749.2459373474121,367.9730463027954,674.9522709846497,380.3553240299225
21.35,774.7415132818278,349.4875720255077,732.4158397100691,388.3814342265832,731.2719025865081,374.6541887438507,684.3704805205052,386.09355997946113
21.366666666666667,764.7280138685662,351.1311437960537,731.82515928616,386.30316076345343,734.0943216711536,373.8227676459891,683.0381680087992,386.30316076345343
21.383333333333333,760.0035468716851,350.38075794388743,730.6556764261206,386.50121387688984,704.6940987242751,375.21357139782657,684.3763422619613,386.50121387688984
21.4,741.5068046061889,357.10346395650333,730.1392447365268,387.79587560459095,696.0365651275405,378.7018277088613,686.9425172318109,387.79587560459095
21.416666666666668,732.9922358366276,367.4930140365978,730.7165036361582,387.974603840823,690.8911901279427,382.28527333964934,688.6154579274731,387.974603840823
21.433333333333334,735.3888107503789,367.4991256220971,730.8051216258981,385.83388212001995,689.5519195055715,381.2501929955392,690.6978417866917,386.97980440114014
21.45,734.7159730828753,366.65898777780893,730.1557843176754,384.8997428386087,687.974038239576,382.61964845600886,689.114085430876,387.17983722120874
21.466666666666665,727.3699609930363,364.45640881092606,731.948519659268,383.91528314241054,686.1629329969516,381.62600380929473,689.5968519966253,387.3492021420842
21.483333333333334,714.7856315339455,364.61402032751266,734.2635086723943,384.09189746596144,681.5586646507094,380.6546250297646,689.5789670018353,388.6749273808906
21.5,712.1992826461792,367.2244778871536,734.0298798878987,386.0781762599945,672.5072876612345,383.10127651691437,688.3840856552124,392.0319757461548
21.516666666666666,704.7543688576455,365.28178916321485,733.674242460363,383.790508268954,666.5801357020586,380.3201234366279,688.5592396401238,387.2608931012801
21.53333333333333,698.3919966650477,366.7472698675557,730.6161917633881,382.85936741672595,660.4134810134323,379.40677508476085,685.7324914478426,386.3119597486909
21.55,692.7034237196568,369.4934968737915,731.2739488149124,384.2410505866834,651.8640442070332,380.83776896063137,684.7624332588689,385.3754777953674
21.566666666666666,687.024640641811,369.6574570562966,730.1749724565,385.5549477248662,645.0098438748771,381.0128075338463,688.1601756895659,386.6904827726212
21.583333333333332,680.147112940467,370.83928955350837,730.4644008231639,383.41861152418255,637.8348481300172,381.13146207496914,689.295710737321,385.7057609733961
21.6,672.778370824611,374.5224042427203,729.6639543545489,384.7618092781091,631.8207506830557,380.210962595714,686.4309108717961,385.89952094870785
21.616666666666667,665.3688013605258,375.83010603597694,729.142873521042,383.80186505604144,623.2323608258991,381.52421962173725,690.4229011378716,386.0795104903456
21.633333333333333,658.0042661720678,377.1720317792227,729.6012107400912,383.99078840474874,617.0917264189115,379.444950654398,687.5522115493472,383.99078840474874
21.65,649.0349487309308,378.5301784947968,731.5711477534877,384.1833428114103,606.0708999246683,380.79144422144225,684.0845674939344,384.1833428114103
21.666666666666668,643.3407545089722,378.73316526412964,733.6860990524292,382.1211156845093,595.9094486236572,380.99179887771606,687.3841099739075,387.76769971847534
21.683333333333334,636.3649623877136,377.7058619384188,733.0365213188343,384.5297366864979,590.8724640671862,377.7058619384188,684.1320856242673,385.6670491445111
21.7,630.1758279421292,377.91105576324105,731.1865837574297,384.72076963842983,582.5078308158076,375.6411511381781,681.2486820060452,385.8557219509613
21.716666666666665,622.7653873546435,379.2178026152671,731.827211136964,384.89810593726287,576.1869001142773,374.6735599576703,680.7044812390013,387.1702272660613
21.733333333333334,616.4804423704429,379.38865548862395,731.3346223332599,382.8001657845492,572.1308085234145,373.70280499541514,683.5734781903062,387.3488461791162
21.75,611.0044797177061,379.627972047469,733.1891868495994,385.2846714517232,566.8822243645225,375.1026125240656,681.1475523304597,387.547351213425
21.766666666666666,604.8760204217298,379.83208830038615,732.4521310702901,384.34805681891925,565.3612958845652,375.31611978185293,683.9054694960591,387.7350332078191
21.78333333333333,601.2980304718349,379.96797529255144,733.9222188445575,384.50213557879846,562.7576680387359,376.56735507786624,684.0464556958412,387.90275579348366
21.8,597.592162527918,379.07298784347176,734.0473067626106,383.5839017024699,559.2493947264342,375.6898024492232,685.554982778381,386.9670870967185
21.816666666666666,594.7221816889166,379.2436889294445,732.4394126624794,383.75900797775796,556.3419697782516,375.85719964320936,686.1573924172657,386.01666750191487
21.833333333333332,592.628160794576,378.8048665523529,729.7259179751079,382.20398461818695,551.838745435079,374.27270913124084,686.6704239845276,386.736142039299
21.85,587.8025068712014,379.0316957201576,729.8335266386567,383.5406169826165,549.4766761403008,373.39554414208396,686.9987746452972,385.79507761384593
21.866666666666667,587.7518695718672,380.33065252916674,731.0499226335339,383.7156459085762,548.2602801454236,375.8173280232875,685.9166775747412,387.1006392879856
21.883333333333333,586.4099103231861,379.3381288356436,731.4180902484087,381.6038816469752,549.0249889362146,375.9394996186462,686.1030340217766,387.2682636753042
21.9,584.8257917652146,379.5401713684412,730.6635768610414,381.80122230015945,545.2574004601454,375.01806950500475,684.3120327608174,388.58437509531416
21.916666666666668,584.7739024127777,380.84182129446464,731.8857367152465,380.84182129446464,544.0352406059402,376.315303315927,685.4889274352371,388.7632277569052
21.933333333333334,584.884274967247,381.04364144725525,730.5615423383464,379.9143603048436,541.9715915556053,376.52651687760874,684.2610154994699,388.94860944413654
21.95,583.1385210136946,381.2145775576788,730.0884352972383,380.0841936016516,541.314314640686,377.823425689597,684.8730770561478,389.12726524986965
21.966666666666665,581.5555419190238,382.5442137637675,729.3285446178144,379.1600991981463,538.690090754489,378.03206100960597,684.2070170761989,388.1844047064694
21.983333333333334,580.9397476344593,381.5880251430126,728.857059906198,377.0714659896771,540.2907152544394,380.4588853546787,683.6914683728426,389.4920036613498
22.0,581.8441963195801,383.7396078109741,728.3410449028015,377.54960012435913,536.4508066177368,381.6762719154358,683.9793231487274,389.9296154975891
22.016666666666666,581.2501560718229,380.80907642125385,725.5948838592158,373.98964046279434,541.4701129808091,381.9456490809971,681.268550129229,388.7650850394566
22.03333333333333,580.5504812765244,383.3183602498814,725.9692091809916,374.30014456588333,541.0957876590332,382.1910832893816,682.0054077215015,388.9547450523801
22.05,581.6271188423142,383.49229556214596,722.6743459556246,373.3368952099877,542.1338952505872,382.3639177452395,682.0527445469912,386.8774290128655
22.066666666666666,581.0816627687118,382.60579170110964,720.5448634056521,369.21732443996336,540.916260985273,383.72149730620515,681.4951672273088,388.1843197265872
22.083333333333332,581.4417611109814,381.64235158264694,718.1061641179517,365.95955123758483,539.9943601990313,383.8827516319416,682.2597633292382,388.36355173053073
22.1,581.9559154191691,382.9364889158087,715.3898978472494,366.1170793660508,539.3467445597821,384.0577828857927,679.5084908077656,389.664252735712
22.116666666666667,582.199008447818,380.81106743559525,709.8023169826643,363.8725751522085,540.4173941487975,383.0695330733801,677.0545652347835,388.7156971678424
22.133333333333333,581.2955670543827,382.15478832409184,707.1212161126132,360.80936571599915,539.7281651333601,384.40167491441736,674.5413605528929,388.8954480950684
22.15,582.8178107770764,382.30810980895404,704.6384503148072,358.62076323217303,537.6990553927317,385.6920164627799,674.1832904303744,389.0759231166058
22.166666666666668,578.5703318119049,385.5591084957123,699.2645618915558,352.2641484737396,534.8706967830658,386.5995759963989,678.4552118778229,387.64004349708557
22.183333333333334,582.1239500005904,383.31153612118214,695.9727117105504,351.7495031718863,535.9081160391215,385.56596704613185,668.9195406111539,387.82039797108155
22.2,582.0909261100883,382.3593472783689,692.6659194749308,348.5098595136212,535.8299594982664,385.74429605484374,670.0995942984323,386.8726123136686
22.216666666666665,582.8170593274376,382.5620916061265,689.4575455817342,346.64108570994233,536.7932705229517,387.05221734314944,667.006916896619,387.05221734314944
22.233333333333334,582.6949675906307,383.8513858279175,684.1297691296713,347.78567861403644,536.4857802228455,386.10549252878513,662.7157554714295,386.10549252878513
22.25,582.1899123111577,382.91130336410976,680.0400733417082,345.7957250421767,534.9519035377884,386.28544684792183,655.2963544604195,385.16073235331766
22.266666666666666,582.7281057704897,384.213951206493,675.0447593559082,343.684688656797,533.1923404319725,385.33976405509566,652.5285023838549,381.96232550928767
22.28333333333333,583.8959716869235,383.27256717171167,671.5271439173299,343.9508873247345,533.3395261693813,387.7664734399376,646.8106594420871,382.14909060465516
22.3,583.1407244390257,383.40861316225363,665.9854640929136,343.68853250627996,533.2069087572302,389.0829103988213,637.6139779100752,383.40861316225363
22.316666666666666,582.5566707976836,382.44885898122476,660.9384426836698,341.5540214754929,532.5740916240113,388.12869752368755,632.539249971356,382.44885898122476
22.333333333333332,580.9350001017252,384.632635474205,648.0562655131023,342.8034393787384,533.2691739400228,385.60540747642517,625.6825103759766,383.65986347198486
22.35,582.7868526553649,383.5351795605675,649.1691608268885,346.4060919392068,535.5316502281786,388.0356750298233,617.6656925420976,383.5351795605675
22.366666666666667,583.2856868699748,381.4184304098054,645.6056276406912,349.6919151083498,535.6959139177914,388.2169694029744,610.479842842651,385.95078973858483
22.383333333333333,581.5495365313873,381.573068402041,639.569904861457,353.13171137749686,537.1810195730984,386.123685525968,602.0273135890588,384.98603124498624
22.4,582.7337135399237,382.9191722772309,633.5094516361097,347.94033047763605,539.8564235920331,386.30422148364335,599.6589595719856,382.9191722772309
22.416666666666668,582.1513572555522,381.9539043394649,621.8026853925953,346.834156560941,541.3671340288793,384.2196945187245,593.4803081518502,380.82100924983513
22.433333333333334,582.7085391789064,377.6576984246163,613.0465348194751,348.44333225221686,540.0106193884766,384.39947523363156,584.9557981152449,381.028586829124
22.45,583.8398497078933,372.2074371273542,593.9623905710387,350.83762863849154,545.5991397804548,382.32997799049963,563.5947679816024,380.08052446535623
22.466666666666665,586.5651702934706,371.3194082332729,588.8030909758337,356.77292379791237,544.0446773285705,381.3900513039071,549.6394790344784,381.3900513039071
22.483333333333334,585.4090569722106,377.1021603089887,584.292418692284,349.1862033108215,544.0934406149232,386.0352665484022,547.4433554547034,381.56871342869545
22.5,586.1803321838379,380.11609411239624,585.1293206214905,356.9938397407532,538.8848118782043,386.4221634864807,542.0378465652466,384.3201403617859
22.516666666666666,580.8384170933277,377.49523666664027,571.7293080934905,359.2770186669659,538.7087879690807,386.60434566647746,537.5701493441011,382.04979116655886
22.53333333333333,579.5946990249296,381.12158941636176,566.0010884874528,367.52797887888505,534.282663900007,386.7855938069772,528.6186595093917,383.387191172608
22.55,578.4829169130998,381.29748330271104,559.2064957204295,372.2262262708663,530.8588174959144,384.6992046896529,517.2519319481471,384.6992046896529
22.566666666666666,578.2881650417038,380.380613085137,552.4216007438217,372.50818047273793,529.9289361369676,382.62987954582235,509.68553799079893,384.8791460065077
22.583333333333332,577.2677306177369,379.4139941184813,544.5219858341073,372.63901243910965,538.8761677679644,382.801484958167,501.6137685314203,383.9306485713957
22.6,577.6702156947179,378.49351626092016,534.9819868108191,377.3701418166071,546.2157312539503,381.8636395938596,491.1703834826071,384.11038848248575
22.616666666666667,578.5023245970729,378.6268072716467,527.5925635556607,377.49547924850424,545.6938119259405,380.8894633179317,478.94545856053355,384.28344738735916
22.633333333333333,580.2457187577357,378.8013676502175,520.2267784674859,379.9338004858826,548.5375993591132,378.8013676502175,468.1348680268917,382.1986661572128
22.65,582.792310273681,381.26391141664067,512.9414421265166,382.3905383222401,547.8668762000988,380.13728451104123,461.1166044689429,382.3905383222401
22.666666666666668,582.7785730361938,380.6433147788048,505.1540558338165,382.55996948480606,542.5288233757019,383.5182968378067,455.321032444636,382.55996948480606
22.683333333333334,583.3964776083352,380.75889429842937,499.85868918331596,380.75889429842937,542.7564724285961,378.5011162328883,446.80090464310103,379.63000526565884
22.7,583.3977178428682,379.8460816820875,492.70556761189835,380.96573785777855,541.9704393423018,380.96573785777855,441.20138353011305,377.6067693307057
22.716666666666665,582.6915089244362,381.1491580955443,482.13156858451396,382.2664907659879,539.1155347771366,381.1491580955443,434.08626375544,376.67982741377
22.733333333333334,582.8663649404896,381.3327432730855,472.8175532769882,384.6675557477371,535.0673861371506,382.4443474313026,425.0185744736492,374.66311832378244
22.75,582.30567788217,378.1298252371287,465.8803400220205,383.72719724963594,536.4072273796112,382.6077228471344,422.22083832446447,373.65192762712303
22.766666666666666,580.6107510005509,379.4898117182926,461.43428293151953,383.9037549801086,534.2643467514831,382.80026916465454,417.2948503133598,373.9723826410226
22.78333333333333,581.6872962443385,378.49247175520406,455.34948541495606,382.9646066518194,533.611846105724,381.84657292766553,410.628136448803,371.7842694102811
22.8,581.0167762630435,379.83474002632875,450.97302210533195,383.1409371659315,532.525884882202,384.2430028791325,406.8903935772941,371.0182143207212
22.816666666666666,579.9313922085873,379.95527846371004,448.1731940263356,383.3050631632589,536.3841911144532,384.4216580631085,404.62599293220154,371.02251926491334
22.833333333333332,579.029204527537,380.4544623494148,443.6663711865742,384.3219719529152,542.2878640492758,382.388217151165,402.09064380327857,369.8188109397888
22.85,578.8441399679674,378.98077689686033,443.107158171532,383.3949876869883,541.3233482518796,384.4985403845203,397.86149757272017,370.15235531660437
22.866666666666667,578.6462494756976,379.1032292164473,440.41926913663747,384.67689777850615,539.6305695412854,383.5621640660944,395.8299206401665,371.30009322956494
22.883333333333333,578.1776041014854,378.2002295929652,439.5502884863125,384.85434074249355,538.2529372043156,382.63630369265076,394.0805289645359,370.43709991851557
22.9,578.2674952514546,377.26124613485314,439.50480139837634,385.0319569906255,536.0836363201188,382.8117538889763,392.8805362637421,371.71073838073
22.916666666666668,577.8024234103376,375.20907598279155,437.7930334796731,385.20974669212467,538.9109262073753,381.87618978901367,393.345608104859,371.87551907968043
22.933333333333334,577.892490214686,373.15273147387376,438.8586431407587,385.38771001637934,536.7384714808036,383.1631684631964,392.1432705239193,373.15273147387376
22.95,577.7082432122648,373.2821252788166,435.8808205489372,386.68314159346176,534.1549401896682,383.3328875148004,390.09401480723295,375.51562799792407
22.966666666666665,576.9648783241245,371.16504170778757,435.6873793649519,386.8625415921401,532.1148786545458,385.74129160040064,388.59487971189446,376.77129166648496
22.983333333333334,575.9345109000748,370.2069423496117,434.51904563332494,385.9197718236951,531.0407124026939,384.79742686126053,387.38055721107503,378.06335708665335
23.0,577.1337423324585,369.3255624771118,435.56162452697754,389.7119474411011,536.36097240448,382.916485786438,387.99339294433594,380.6513319015503
23.016666666666666,574.6718529752688,363.73968525475357,435.9408553073881,385.34533243253827,528.0491406442598,386.48247175768483,388.18100365123246,380.796775131952
23.03333333333333,573.3401006943293,360.8973921856982,435.46959212271133,384.43625950280375,528.5041629474617,386.67805639014716,388.39185748850025,382.19446261546045
23.05,571.74741784712,363.2935315345238,435.98625624909124,385.73339295568553,529.1116811469126,386.85538602674364,388.8625472646515,382.3674137425113
23.066666666666666,568.7584951432991,356.8059133961108,436.6380586203272,385.9171960198164,529.5702300729263,385.9171960198164,389.61214053587963,382.5582018709273
23.083333333333332,563.7547200867061,355.6288439946528,437.46441273101163,386.0738288036149,532.1821432477825,386.0738288036149,388.9779554426648,383.8186447436917
23.1,564.6728156482104,355.673716431392,436.7416361502832,385.10920905923365,531.8409200248486,385.10920905923365,388.05985988116043,382.8449403955535
23.116666666666667,558.8406377993357,357.0523995483886,436.82386514533266,387.5565927118894,529.4662295678164,385.2970228479264,387.11332813814613,384.16723791594495
23.133333333333333,554.0044356252884,345.4907222775383,436.4575676869168,385.43383274203353,539.1684231670472,386.5750644695905,388.5258351295225,384.2926010144766
23.15,551.8771640823445,348.1654841390001,438.3390954838387,385.63304677650706,535.9818344785538,386.7684274624921,387.24696461451106,386.7684274624921
23.166666666666668,548.1687345504761,351.313588142395,437.1560535430908,389.82819175720215,535.7081274986267,386.42984437942505,387.31362533569336,383.03149700164795
23.183333333333334,540.9737959615886,349.9621864121291,437.9904296855675,384.2899751708028,526.09842083283,383.14571554551367,388.7872657981352,383.14571554551367
23.2,538.6490995573299,341.3733948960887,438.777806578604,383.36473398941666,530.7047921612949,382.2298329328403,389.9770611458174,384.49963504599305
23.216666666666665,535.663473010665,347.313892614106,438.26452430142916,381.29027007081623,522.0729220279809,383.55536190126355,390.6975958620349,384.6879078164872
23.233333333333334,531.1996494619905,342.9208531851329,439.3738441773758,381.46501836632916,520.9967822081444,381.46501836632916,390.62681174233336,384.8659741176112
23.25,525.5944935476869,336.250684434653,438.21805062127606,381.6410443964249,515.3816625562881,379.37152639833624,388.288654663327,383.9105623945134
23.266666666666666,520.356206644872,337.6702413465434,437.69070351319976,384.0988115985786,510.16456927247407,378.43679083613523,390.129729108676,382.9664074460898
23.28333333333333,515.1358400898507,332.30182732480876,437.16210079358103,383.15426599628904,499.31508139205704,376.3739408400917,389.6998247001995,383.15426599628904
23.3,511.23803597987546,333.56099903757274,437.71278149881266,383.33194053244597,493.1395117999215,375.4138362037162,389.0729977651864,384.4630982936932
23.316666666666666,506.76863724744777,335.9536628177107,437.7006303900492,383.50868393264085,485.2556515049794,374.4505846726541,387.8810844601224,386.9054711551359
23.333333333333332,501.353909333547,339.00898706912994,436.5868066151936,385.59584879875183,480.901140054067,384.45958387851715,386.59114837646484,381.0507891178131
23.35,497.59211034178827,333.295066977691,435.98663373995316,381.2104376680072,473.6344249966302,369.8020160750748,386.9304208903437,384.63296414588694
23.366666666666667,494.7912537124296,336.85017179244176,435.4095280382794,382.52842231101886,463.9584346123901,371.1088596813745,388.5893212567379,385.9542910999121
23.383333333333333,490.99221391328786,337.96856963152413,433.6643924845621,381.53771391735563,458.8886339132014,372.3652624887595,387.80213534158156,386.1239396316537
23.4,481.60226386530644,340.69108130738243,433.6937841898846,381.755492457744,454.22598976506526,372.6300677576636,388.0666606894828,386.3182048077841
23.416666666666668,470.4458417794323,343.9738726393082,434.8344622773946,381.8827604963162,419.9006579700884,372.6927270764355,387.73554100050586,387.6265313837416
23.433333333333334,462.33542974779107,349.9844988977974,439.40802398377593,382.0828669674187,401.5778044731509,375.2046452382141,391.260471879344,386.6683481202217
23.45,446.2458036947566,365.1203090469774,438.23786427309045,379.99219654435734,397.0541758188078,379.99219654435734,392.47821043499863,386.8561446200711
23.466666666666665,448.07699980309053,362.9101099463442,438.88820212686244,381.2877052988005,397.53861258383574,376.69330646068653,392.94421374572164,387.03070384644315
23.483333333333334,443.58439337087464,367.5964864955729,438.9714868225973,380.2819795033357,393.9956479768929,380.2819795033357,392.84242133982343,387.20133932575175
23.5,438.42450650533044,371.35312074422836,436.4879379272461,382.00424814224243,391.9468606313069,382.00424814224243,387.1054391860962,388.782238304615
23.516666666666666,428.48824584336637,368.58821515901946,437.8023087757563,377.90227809140924,392.39625198035606,381.3950516910554,397.05328344655095,387.21634102379903
23.53333333333333,425.95052752487356,369.0077573003832,435.15998916456556,379.3684016450368,389.11268096610536,379.3684016450368,392.56622908098984,387.4266805797673
23.55,423.09168219409514,369.17189077198907,436.919365075957,379.5426529333854,388.5224749894405,379.5426529333854,394.28400952354957,386.45649437431643
23.566666666666666,405.2285338764653,372.84627566212566,435.12634064465107,380.89568517663724,374.18081146334936,379.74576953170697,384.53005226772126,385.4953477563581
23.583333333333332,397.76124108308727,369.618314215493,435.6297094804322,381.09360766923385,358.745243340368,378.79854897848566,394.318653046965,385.68372505073023
23.6,391.4267166046738,369.72407406116645,436.3606430893387,378.94128975032845,353.40570188688054,378.94128975032845,389.1224126823833,383.54989759490945
23.616666666666667,385.7975991616956,371.2718563283056,434.6325557911709,381.49312632052147,344.9125191928327,379.2217329889179,392.6117791565061,383.7645196521248
23.633333333333333,378.33516262278255,371.3422828305307,435.5220369688789,380.49218272590616,338.30435058051506,380.49218272590616,395.49122492661144,386.21087016051575
23.65,372.0300863398975,374.94438575565107,437.28678816940294,381.81351226402,329.670472871622,379.52380342789706,396.072029119189,382.95836668208153
23.666666666666668,364.66330003738403,371.1150231361389,442.4402074813843,379.0054340362549,315.0664315223694,379.0054340362549,391.7161374092102,385.7686433792114
23.683333333333334,358.0723631980363,374.39783255395014,439.6472463965183,384.7383107058704,310.9657405059552,377.8446586045902,386.795913620037,385.8872527227504
23.7,351.3024131058978,374.65140764751936,440.46042581715676,383.7958192076485,302.1512009702037,376.9375105375516,385.593956456382,387.22497354269694
23.716666666666665,344.0132276215663,374.9036826734702,440.674468897803,384.00121126417486,292.83962929885274,376.04087374730824,386.0892973535753,387.4127844856891
23.733333333333334,337.25143841176975,376.25076545917875,440.5210758147231,384.1945837209445,285.049204120167,373.98110309867434,384.91434798236367,387.59907726170115
23.75,328.8108544502502,378.72281897621986,439.7935204730868,384.3851998957524,277.84942617445785,374.19291424059395,385.4346636455749,387.7826284474719
23.766666666666666,322.43625218068286,377.7220871530632,437.27710641355924,383.40727795667095,273.5436112696562,373.17393451017705,383.8363128596464,386.8183924388356
23.78333333333333,315.6966083854977,377.92723148918947,438.2418955072085,382.4659458270306,268.04010783816574,372.253838566888,388.316037790956,385.8699815804115
23.8,308.8453215810856,378.0989845952358,439.4607885178592,381.506344602282,262.2780681514533,371.2842645811432,391.75774841921145,384.91370460932836
23.816666666666666,302.43004021365243,378.36282761661477,439.8627227895238,380.61582241294053,259.623139083463,371.60384322763747,393.6763294648457,383.9953146074292
23.833333333333332,301.19952519734693,382.10543167591095,437.3913892110189,380.97049951553345,256.9371693929036,374.16090655326843,393.12903340657556,384.37529599666595
23.85,296.0424571365196,378.8746433482738,439.18355919975636,381.14672433340456,254.00895891160087,369.78631940775085,393.7419394971415,382.28276482596993
23.866666666666667,294.60632000993184,376.8416411972719,439.27397648505325,380.2322893959075,251.65810949388015,371.1905608662124,394.0653338365778,383.62293759454315
23.883333333333333,291.49381092134047,378.1981212220515,438.7930276072683,379.3225427234707,247.641372365988,371.45159221353566,392.6917460490771,384.94465023056733
23.9,291.1276052858685,378.29969250025584,439.4697119336839,380.5644574872454,244.6999230525828,373.7701625262767,393.0420297003983,387.35875244821403
23.916666666666668,288.97328629647444,379.63637935475964,439.26761925723264,379.63637935475964,242.64195057172947,373.98621646149803,392.9362835324876,388.6766399839781
23.933333333333334,287.7913869881379,380.9363582391858,439.3636278845205,379.80522211309324,242.54594194444164,374.1495414826312,394.11818284082426,388.85431112183255
23.95,288.712920497115,381.0770598642453,439.7600502255863,378.80567445479454,239.87813419392512,375.39859634061855,392.0609566271216,390.16260150204806
23.966666666666665,287.3667808287944,381.2137533465279,439.0223767780956,377.7929504303782,239.4755400026993,376.6526827916617,392.271403590717,390.3358944562603
23.983333333333334,287.88680523043564,381.3863524519976,438.54912116632363,376.82082772666763,239.94879561447135,376.82082772666763,390.6111115503593,389.37602072132495
24.0,285.7758846282959,386.1772127151489,435.3780918121338,375.97706258296967,241.57523250579834,380.510462641716,392.3107897440592,388.4439127445221
24.016666666666666,287.4261060775025,381.8175782348262,436.039947114652,372.7419238203438,239.7789204014698,379.5486646312056,390.66167504223995,388.624319045688
24.03333333333333,285.8327149689052,382.01519418406735,434.1381532597618,371.82627094271083,238.2844065092412,379.7509890193214,388.85404996484374,389.93991226067806
24.05,287.03764690441665,380.96283076063344,432.27140012466737,370.6706750206157,239.0075867843337,379.81925790063144,388.8156314445923,390.1114136406493
24.066666666666666,286.41783934845853,381.1359301681532,430.6487327754653,368.5443442340495,239.4855645031627,379.9912405377802,390.5845957124078,391.43813684151087
24.083333333333332,286.9432340030243,381.30919861806325,426.7317479465325,366.41370123064024,238.81931936673465,380.16339112672307,388.9201007323049,390.475658548785
24.1,287.1782140549593,380.398650916815,425.11010585002373,363.29965606618714,239.30102847320146,380.398650916815,387.49231717864257,390.6580478271917
24.116666666666667,287.5690919564519,380.5404467806886,421.47851757193393,362.2280466965201,239.49904173550965,379.39592177542806,385.99824240885755,389.6966468227729
24.133333333333333,287.087083745008,381.88434155920436,418.43432136348395,360.1834936048474,237.9746383746213,381.88434155920436,386.4541243781159,389.87939080554634
24.15,287.04693003785553,382.0594563376189,415.0926406238019,359.1941508758428,236.74325802194807,380.9161910645301,385.3677435234929,387.77578270306293
24.166666666666668,286.053263982137,386.25962138175964,410.97309255599976,351.8780183792114,235.62691116333008,383.9675145149231,386.905969619751,390.84383511543274
24.183333333333334,286.4785585398786,380.67191139834176,410.7509297441575,358.8091794272186,238.150414182659,379.52124129459844,384.28551735806104,386.4252619170584
24.2,285.8866488942274,382.06979578218625,404.9814260196389,348.0427166034972,235.9802660988169,384.33826772743214,384.5651785124254,388.8752116179239
24.216666666666665,286.1090100968682,381.0384330185058,400.6817966380674,350.103780652382,235.69698401874052,384.4756166147419,378.91296719523956,386.76707234556574
24.233333333333334,286.2734847025475,380.11032631502997,396.83930062069334,347.0545669168214,236.11991871905866,384.6697414044381,375.182078946005,386.94944894914215
24.25,285.67350307823335,381.42716910086244,391.78342578278034,348.3391286876166,236.61192591376536,384.8500698332672,370.1050544775503,384.8500698332672
24.266666666666666,286.95486240188745,382.76145413571095,386.8451783719672,344.1674684199982,237.00970441684757,385.0316885895764,363.0077166063801,382.76145413571095
24.28333333333333,288.06670085756474,382.941033228253,380.10098578538657,337.4920036342669,236.93654256433047,386.34971044780195,356.24024524854383,381.8048074884034
24.3,289.1251162165483,383.10983043594297,374.68532779732874,335.1961119507059,238.92979208915705,387.6730417202514,349.5876657336332,378.5466191516348
24.316666666666666,288.4254832364346,383.26134331061735,369.99594862289644,338.4550313377722,239.0236520868873,389.00574228149503,340.12507397433296,380.9635837222663
24.333333333333332,287.41782744725543,387.7318402528763,362.23111041386926,335.58925092220306,235.27523628870648,384.33123660087585,340.69395319620764,387.7318402528763
24.35,286.1199086447596,383.3216823916882,358.4740610548761,340.82797383336583,242.47772147675283,386.7671182207414,320.57426693529123,379.87624656263506
24.366666666666667,286.76480630156476,383.52216144586896,353.03505029543817,342.38890655312,242.20378016775334,388.0925231006188,319.89992829850144,384.6647518595564
24.383333333333333,287.23191266087133,382.50635505147363,348.4027611329151,343.2646786731814,243.37356847336818,387.1230228606845,312.623585611531,383.66052200377635
24.4,286.70216806362305,382.7137444257156,342.9663980931748,345.9697574676409,243.0686835509093,387.30674279547486,308.5189103199798,382.7137444257156
24.416666666666668,287.2706861723798,381.74378749460175,336.6936361594752,346.1132886666958,243.5945908349467,387.49064214426403,303.3618791914341,382.89315842453425
24.433333333333334,286.69263340976727,381.922254269855,325.8094077341284,341.6549865830126,241.823392273,387.67472108226104,299.34806039706064,381.922254269855
24.45,285.54438710463467,379.79766154675735,316.63804316583344,341.79430413862553,240.6313283495697,386.7073628936904,294.75732223387877,378.6460446556018
24.466666666666665,283.22681434247767,374.2497415504863,307.36058262728267,346.6682920821378,240.7054130787737,385.7420121622981,280.9283602201153,378.8466497952111
24.483333333333334,286.11559408415775,374.4225745264842,294.16803955678967,354.8666355215211,241.25196930806595,385.9260680588155,248.15406542746467,377.87362258618356
24.5,290.6825755437215,378.6944159269333,291.82248703638714,368.43521213531494,239.38655837376916,387.8137081861496,246.22602732976281,385.5338851213455
24.516666666666666,286.05864350393915,377.54253754983074,282.57295211152325,363.59977198016713,238.42086114092183,386.83771459627314,237.25896401011653,379.86633181144134
24.53333333333333,285.81157016386805,374.3457602755118,276.5924156836013,369.7361830353784,238.56340345250135,383.56491475577855,235.10622052240137,381.26012613571174
24.55,284.3952730552968,376.88997456887887,267.2507349040135,372.3180977285367,243.24838149221696,382.6048206193067,229.53275097119032,382.6048206193067
24.566666666666666,282.14170388033324,377.0663311462164,259.25999606123776,370.2018188004877,246.6750567607352,382.78675810099014,219.21700737782058,382.78675810099014
24.583333333333332,282.7494992442779,376.098774555819,251.82902737447967,373.8083692321302,244.95781140341336,381.8247878650409,210.60173154808194,382.96999052688534
24.6,283.0170673466668,376.2265474114008,246.11112218957254,373.91992583908245,247.26443297573178,379.68647976987836,199.9786907432047,380.83979055603754
24.616666666666667,282.67749390718734,376.45673089960513,239.21012266369956,375.312852708987,250.64890456988053,379.8883654714594,190.02336046712128,382.17612185269564
24.633333333333333,281.27752775250747,377.7363329185045,230.59054249928852,376.5843559809313,252.47810431317856,378.8883098560777,182.20751112121587,380.04028679365086
24.65,284.62349201674283,376.7826332614462,222.5458285534041,377.9322196218785,254.7342466455057,379.0818059823107,173.11361505481958,380.2313923427429
24.666666666666668,286.76880391438806,376.99694323539734,216.96201578776044,380.4300638437271,250.1488494873047,378.14131677150726,159.7433369954427,380.4300638437271
24.683333333333334,287.02639750986907,380.5401427434408,208.18308406010817,381.69960323534906,253.40204324452986,378.2212217596243,157.16682241614524,378.2212217596243
24.7,287.44364476696694,380.76263687103847,199.1678258212669,381.9090760781255,251.90402934726956,379.6161976639514,147.57806150235126,377.32331924977734
24.716666666666665,286.36437973217016,382.0915659128473,188.8218837190295,383.23912468947253,248.4949401035391,379.79644835959687,140.62441510077176,376.3537720297214
24.733333333333334,285.6405716024311,382.2771757003265,180.28425374356868,382.2771757003265,244.41418635331104,379.98682096426427,129.89644955019963,373.1157567560776
24.75,283.19337006376503,382.4600238445385,173.4844835365655,384.74562564718843,238.62413491209026,380.1744220418885,120.91564207561578,372.1748157326136
24.766666666666666,285.56044107129463,381.49690160055064,167.73699853478456,383.78473543621107,242.0915981937472,378.0651508470601,116.26073723242581,371.20164934007886
24.78333333333333,284.4980729181144,381.67787283169184,161.97943232922125,383.9679408800823,240.9867799986945,379.38780478330136,111.59793526462965,369.0824985655439
24.8,284.6244292118,381.8718800613772,155.89895501958472,384.1502070382306,240.19705316315935,379.5935530845239,105.77576152881062,368.201918200257
24.816666666666666,284.1416196864317,380.9118233323614,150.72933321224212,382.0520992851322,239.67085752836851,380.9118233323614,102.83774319586638,368.368787851882
24.833333333333332,282.84797382354736,378.9749217033386,147.84508085250854,383.51283407211304,229.527503490448,381.24387788772583,100.1970009803772,369.8990969657898
24.85,284.6405378403142,381.4233558671549,142.6922902208753,381.4233558671549,240.35268458304927,381.4233558671549,94.99767902074382,366.66073811473325
24.866666666666667,284.137065149539,381.60300911804825,140.4144644348571,381.60300911804825,239.22375242620092,381.60300911804825,92.13265325726866,367.00618248296337
24.883333333333333,283.6688526365296,380.6589084770621,137.55803915057254,380.6589084770621,238.71167925623513,381.78283781156944,89.22907776675595,366.0478271284664
24.9,283.20128047197863,379.71278827555295,136.9477806447267,381.9628421190491,238.20020360205493,380.837815197301,88.57162300955875,367.33749213632393
24.916666666666668,283.85937727483713,379.8907710502827,134.08467502160607,383.2691477928367,239.94047962163404,381.016896631134,86.78740062584887,367.50338966091766
24.933333333333334,282.5603188350123,380.0580677826918,134.4436000572021,384.5807156843044,241.85648772049962,381.1887297580949,84.69447313946438,369.8821100040636
24.95,283.8301052331701,379.0695666757781,134.66470851479437,384.76290242838786,241.6994206638579,381.3469009768221,83.42468674130657,372.23756377264635
24.966666666666665,283.62216504064315,378.12688593666184,134.76631565432461,384.94471109939406,240.44260567667294,382.67210271181665,84.76893112762224,374.7179733552959
24.983333333333334,283.1505544133382,376.02738639110703,134.1493379866034,385.1266973179305,239.9288275109266,383.98928345207753,82.96571402322124,374.88997252525405
25.0,283.35696506500244,375.5334014892578,136.1892204284668,385.7219376564026,235.81046295166016,378.9295802116394,86.37859916687012,376.665461063385
25.016666666666666,284.05427617474925,375.6436778003117,134.7044977643527,387.0444242438534,239.59136504493654,384.7642749551451,83.40113876841497,375.6436778003117
25.03333333333333,283.0110633409994,375.8151343386228,133.51543553762394,387.2270143236133,239.64591939803552,384.9446383266152,83.30316360366578,376.95632233712183
25.05,282.5374257439661,373.7021534351519,132.8958061165639,387.40978271399786,237.98763058771658,387.40978271399786,82.63449876079522,378.2713631947672
25.066666666666666,282.3666102546006,371.5366313536448,132.12218625125794,386.44638335397644,236.49045025357995,386.44638335397644,81.65841025013523,379.5649593538234
25.083333333333332,281.2815875494982,370.6546128965939,132.94848354229194,386.628947174293,236.7816563473364,386.628947174293,81.60240907825894,380.92382778940043
25.1,277.9666011881593,367.26998396463847,132.03059446156823,385.6556226073587,236.59891424203897,386.80472502252866,81.47008819408791,382.20831536184863
25.116666666666667,274.8959223587542,367.49638182817426,131.55619695569607,385.84386667976565,234.76079924589794,385.84386667976565,81.10061361381963,382.4037132700923
25.133333333333333,271.5400370298354,373.3091996378298,132.95963844680062,377.9285462572643,233.4304274195008,386.0124028412747,82.14682563302125,383.70272953155745
25.15,268.7567002483988,363.2179121498661,133.1846285958673,385.0473135176465,234.28922440453488,386.1962293791086,80.3344989686093,381.60056593326016
25.166666666666668,266.23571999867755,372.9501427412033,130.67239952087402,386.7362436056137,243.25888601938885,386.7362436056137,81.2722064654032,386.7362436056137
25.183333333333334,262.217020943528,358.94134159834357,129.52243437629653,384.5490688306163,231.95334330538748,388.04103163501713,79.470967513218,383.38508122914936
25.2,262.32756566446807,348.8536385034038,130.3132980225081,384.7522551428841,239.16716783254532,385.91027503448026,79.36042279227786,383.59423525128796
25.216666666666665,258.0453517269532,348.8810623143132,130.15002739570215,381.4362357804498,238.2797106939416,387.24965961368855,78.99189766320174,382.5989205470976
25.233333333333334,255.27290492132613,346.94940463925514,131.50346513187804,382.8078404661046,239.07877261242635,386.27801167515463,80.60762073247878,382.8078404661046
25.25,250.39848352209054,348.13352149143185,130.77599434456414,382.97502319362394,237.62326623128672,386.45917336384315,81.9978919614951,381.81363980355087
25.266666666666666,245.92279094096176,343.8931678296782,131.53531678563246,384.3331839451987,235.5239296541136,386.64404200894273,83.00729744700783,383.1777549133267
25.28333333333333,240.32886139590855,337.79937982650074,131.78524601469454,380.98339884913423,233.32604750034633,383.3176701476549,83.9326843950196,380.98339884913423
25.3,234.1221844642217,337.06935015525914,131.94082610856574,382.35427033560666,229.47757726623732,382.35427033560666,84.33360232922601,380.03196673661444
25.316666666666666,231.06990872565376,340.82736012352575,132.57682319405632,377.9071099707153,218.32374471568232,379.0658521534401,86.22713588506929,377.9071099707153
25.333333333333332,232.86336135864258,332.7001724243164,131.9117774963379,383.17596435546875,217.08967638015747,381.0728063583374,82.48756456375122,382.1243853569031
25.35,224.682816141285,334.6308057419956,134.5694791059941,380.84277345240116,206.19802905712277,373.9109782958403,86.04691301006824,380.84277345240116
25.366666666666667,222.0286741969801,335.0753251579599,133.52672004455997,379.90099024814674,199.04115363790993,375.3034861363327,85.25292687051262,381.05036627610025
25.383333333333333,216.91821613519068,335.21114009876305,131.78132968961103,380.08058025251444,192.75774836009379,372.0270909941489,82.30989567393635,382.3815771834761
25.4,212.37043277225135,336.0463469315529,132.18172899687247,380.2082417643702,185.64086484712496,372.0731558741144,83.37121365533747,382.532552018729
25.416666666666668,208.54632954858818,341.8659181751018,132.70194663009596,381.53836462477466,179.37541304147584,372.20367134249875,81.36113357757807,382.7052012850593
25.433333333333334,204.1573030776401,343.4398372542209,132.18433378543358,380.5871762437469,168.17081843153687,370.13948715294276,82.26759701825807,381.7480305871696
25.45,201.48898187565652,346.9498912198678,131.55714368240757,379.584749043384,161.8609402328155,371.426034587505,82.60485694713333,383.0813409530465
25.466666666666665,194.22689511406023,343.85992608746017,133.93003430209146,380.9656865871333,154.8020245831576,370.5296914466003,84.0691686306557,383.284796618363
25.483333333333334,187.58776322289862,339.6500279826733,133.36809174691678,380.02637908180867,148.36502215516703,363.8758386421545,82.60925036514652,383.48720917602026
25.5,166.59242566426593,346.35378181934357,132.3614575068156,384.49686217308044,110.84484895070392,366.8923635482788,80.52599143981934,387.43094527721405
25.516666666666666,170.31877055925236,353.7021222758631,132.68762658045551,384.27742675863556,118.57594758840668,366.6378280185745,80.94480360960972,383.10145350929815
25.53333333333333,163.16230151637916,355.51704290469274,133.023680459447,381.01895302978915,94.77081527180246,363.6312870354052,80.86068247629532,382.1781307627481
25.55,156.8332363748036,355.6732602163611,132.46673178306443,383.5206940354916,90.69558105436872,361.47480892867986,81.41310311465858,382.3603842930278
25.566666666666666,153.26590712996813,362.5757717739156,132.1687225425684,383.67295636131536,86.4581559365356,363.74783758432676,80.59782688448013,380.15675893008205
25.583333333333332,147.3082874588843,368.6621584407721,134.44231846459508,383.8673945249322,85.31770957730873,371.00142553064285,81.80880894250254,381.52812743506144
25.6,139.74907378663596,371.1727585694518,132.72441919547117,380.53896469100476,83.55183705731832,372.3435343346459,81.21028552693014,380.53896469100476
25.616666666666667,137.16742175752626,373.7606989449566,130.1787822411697,381.91411171403905,80.09353237394834,370.26637918677824,81.25830562667448,379.584565208587
25.633333333333333,100.99376180647005,375.1586543430038,131.12260119278056,379.7938604024362,74.34132696473375,372.84105131328755,82.45293756874048,378.63505888757805
25.65,99.22670266052188,376.5145030392823,136.23139947288496,378.8272965900551,65.69119617431778,375.35810626389605,88.81913168204471,381.14009014082785
25.666666666666668,94.59042191505432,374.51540350914,131.23827624320984,382.2307412624359,55.04931592941284,380.30190682411194,69.51557421684265,387.05282735824585
25.683333333333334,87.95440265117213,375.25190181517974,136.65794312569778,383.369158560934,45.048902709328104,379.89033424132504,92.59283507731743,386.847982880543
25.7,79.2573418521497,376.5870365394046,136.13362813221505,382.390739221044,30.506239326379387,376.5870365394046,92.02548775175626,383.5514797573719
25.716666666666665,71.74228367761879,377.96824976549397,135.25570474804908,381.4326181875175,20.93154682127451,375.6586708174784,90.21891526174397,383.74219713553316
25.733333333333334,63.61223874061591,378.1258492078696,134.3381602306764,381.6041732155775,11.437378624997507,373.4880838642591,91.43883080227909,381.6041732155775
25.75,56.68927566635551,378.32300518698503,135.36767393640827,379.4800404556622,5.779723844556628,372.53782884359873,90.24329845799565,380.6370757243394
25.766666666666666,49.79028338927924,377.3603156860933,136.387847977626,379.6695840751158,-3.322889558240149,371.5871447135368,91.35711439168568,381.97885246413847
25.78333333333333,44.63995525187232,377.55905033138873,136.81900349532742,382.16800274356143,-7.210759385071157,375.2545741253023,90.72947937359987,383.3202408466047
25.8,34.816675330420196,376.5834737343785,136.31264886020102,382.3502904122069,-13.624584763338873,373.1233837276815,87.87138876644201,382.3502904122069
25.816666666666666,26.81493560708759,377.93535297609014,136.15707433800867,383.6902023829807,-21.525799410793297,373.3314734505776,82.06148991323715,384.84117226435876
25.833333333333332,21.05228281021118,376.16797518730164,134.83887894948327,385.2306240797043,-9.156548023223877,373.1470922231674,81.4699444770813,388.2515070438385
25.849999999999998,14.711822827763797,379.554422357789,137.96989543053013,385.42385438649217,-15.809223721492629,376.0327631405671,80.44946154923917,386.5977407922328
25.866666666666667,13.344629200179412,378.65322953482723,137.92318071272354,384.4746571756003,-25.07679322892298,373.9960874222088,82.03747536130186,386.80322823190954
25.883333333333333,7.475447660790593,381.1603092121524,135.67192549226837,383.49115426363386,-30.983495688652738,377.66404163493036,83.22791183393656,385.8219993151153
25.9,0.009032814788440646,382.5239047821263,138.40651433379531,381.360900735748,-32.55508048380142,377.8718885966135,87.23433629315406,387.1759209676391
25.916666666666668,1.703566054237939,378.0467935020258,136.74378198623893,381.5392128795776,-28.564068551210568,372.2260945394395,85.52163111547995,386.1957720496465
25.933333333333334,0.813976808491077,378.2858173217297,135.16184788341883,381.76033122883996,-32.77299096024086,372.49496080987933,81.88596797439578,386.39301643832016
25.95,-2.960541920839489,378.52361567751416,136.45970097860408,381.98031591469044,-35.22307746781817,373.9146820279458,82.3047305961756,385.4370161518668
25.966666666666665,-2.274434183333568,377.57926812736764,135.70664217856165,381.028795036415,-37.91954557682314,371.8300566122887,80.5142116338036,385.62816424847824
25.983333333333334,-1.7489203182833535,375.451386131064,136.3669031884965,380.0552469146233,-38.579806586758025,370.8475253475047,82.27153898167438,385.81007289407245
26.0,-3.691218058268248,370.14259684085846,131.78994242350257,380.78754538297653,-23.045669555664062,359.4976482987404,80.50064595540368,386.59388095140457
26.016666666666666,4.592070342293766,372.3171375542297,133.09410141602467,379.2631932879449,-30.138208326282154,366.5287577761337,80.99868341316079,387.36692497727927
26.03333333333333,2.2569339298607076,373.8269776311139,132.74985109523755,377.26100176704495,-30.93863271747199,369.24827878320593,82.38416376825,387.56307417483777
26.05,4.071338365288113,372.89832673563063,132.00885866388813,376.3252246007717,-29.055340997742263,367.18683029372886,82.88998926353275,386.605918196195
26.066666666666666,4.882605120634423,368.61052117927125,131.02775297626067,375.4291778201159,-25.80134976316654,362.92830731190065,83.29715649034802,385.6571627813828
26.083333333333332,9.517993161755527,359.75467433719757,128.5968586013111,374.4977719630473,-19.968202089943958,352.9501677406515,78.69714355997354,384.7045318578663
26.099999999999998,10.65097009018433,358.4306529120395,127.85261569231386,374.51715328880243,-19.223959180946736,353.8345099472501,78.44407882082788,388.3055821831706
26.116666666666667,13.690612857211647,355.9806764360271,125.11566080730606,371.0694850126024,-14.165649130311976,354.81999885321363,77.52787991195325,386.1582935891778
26.133333333333333,11.107708519480894,353.3667432420177,124.80933940422474,372.69602049242417,-12.769633966315297,343.13359646239076,79.32868705032715,388.6142488162883
26.15,8.503063981903892,360.96304482688356,119.76188639060828,367.9167212274275,-25.106371954058886,358.6451526933689,78.03982798734413,387.6188043623023
26.166666666666668,13.678759415944427,363.284344792366,120.52637147903442,368.14105463027954,-19.346866130828857,356.4849510192871,78.75866858164471,392.4246038198471
26.183333333333334,11.950096462431247,341.092405991978,116.1600783666363,363.33948078051617,-14.980573018430732,343.4342033381399,74.0077261357219,387.92835291521624
26.2,8.582619321588083,350.1425722739775,113.28743169530071,360.4979932779711,-9.827018018844939,355.8955839428628,76.46815701443472,390.4136539561747
26.216666666666665,6.539007998778459,348.8841009714089,110.82638993596947,360.47158785331897,-21.270960517805804,360.47158785331897,77.22267797843011,387.1228076817122
26.233333333333334,4.429440379676834,351.57021395831646,104.72372228419789,356.18144531024836,-7.098638000153187,367.7095236900784,75.90352633462288,386.1544490978065
26.25,104.7811375183162,350.5671360446027,103.6272038914289,358.6446714328137,3.23497835223543,367.87614044791195,75.93279684613418,388.646945731883
26.266666666666666,7.983403957993573,349.2021925821347,98.90216121805156,355.03031804752317,-22.322848462025803,364.3553187921445,75.58965935649826,383.0053202813871
26.28333333333333,92.75758675278473,350.2791721145451,91.62283820331032,351.41392066401954,81.41010125804058,375.2436402029821,73.46686141171966,384.32162859877747
26.3,96.36822587517241,351.0641599111602,91.75553951073181,352.2173315022704,79.07065200851991,379.8934496889145,69.84527927963853,381.04662128002457
26.316666666666666,93.54385639225805,348.16264955520774,87.842751724294,347.02242862161495,79.86120518914427,381.22905662939945,70.73943772040175,382.36927756299224
26.333333333333332,82.41391062736511,363.275616645813,76.62872910499573,342.06328439712524,73.73613834381104,377.73857045173645,65.05836606025696,376.77437353134155
26.349999999999998,80.85838981438428,344.37302565271966,75.2676483936375,346.6093222210184,77.50394496193621,381.2719190296484,71.91320354118943,382.3900673137978
26.366666666666667,76.79199898413799,343.5911954071621,71.05930514450506,344.7377341750887,72.20584391243165,381.42697474873944,65.32661130487213,381.42697474873944
26.383333333333333,66.21996542543798,346.3569122764245,65.08280386667292,345.2197507176593,62.808480749142745,385.02040527443705,57.12267295531734,382.7460821569068
26.4,58.80814849810608,348.11484855330445,61.12633673435815,348.11484855330445,55.33086614372806,382.8876720970852,48.37630143497191,384.0467662152113
26.416666666666668,52.385023914799376,349.53117327528224,57.01177900058076,346.06110696094623,47.75826882901799,383.0751476471972,35.03469234311922,383.0751476471972
26.433333333333334,43.67145244709488,348.63118130394525,48.28860611241018,345.16831605495884,41.36287561443723,382.105545377481,24.04854936950497,380.9512569611521
26.45,32.71811207456844,348.7833579994573,40.80602163234116,347.6279423483469,24.630202516795663,378.8241649283275,22.319371214574943,377.6687492772171
26.466666666666665,30.72589453649053,348.44499836237077,38.64892605518267,346.18127507131584,12.616108208051315,383.53270937372173,10.352384916996385,382.40084772819426
26.483333333333334,21.82381374775349,351.4139245146039,31.05334962681036,350.26023252972175,2.2110500047576807,381.4099161215387,3.364741989639782,380.25622413665644
26.5,733.1666666666665,319.05208333333337,54.10416666666663,308.01041666666663,733.1666666666665,156.1875,78.94791666666663,324.57291666666663
26.516666666666666,102.47930060492627,135.0755242241753,99.6375630696615,149.28421190049914,696.4024454752605,98.13293626573352,93.95408799913196,319.7884640163844
26.53333333333333,134.3771569069337,131.21716248602786,112.82361375209359,274.0093858868436,681.2983144610016,80.02749749328257,102.04684217467354,298.25712193603874
26.55,656.2783658976531,129.22677486436817,638.5516816928513,286.2345492497544,653.7459824398242,106.43532374390873,514.4648922592396,291.2993161654118
26.566666666666666,642.0180464194692,122.12258194784192,622.398669369884,122.12258194784192,622.398669369884,119.67015981664383,617.4938251074876,303.60181965650474
26.583333333333332,637.8628194686596,277.8130681831243,633.1128482184547,265.9381400576125,633.1128482184547,109.18908880085598,661.6126757196832,284.93802505843144
26.599999999999998,118.27054607162927,292.26940158279535,623.2062512783307,258.44595721488236,637.7020131502934,86.91277506332347,516.9039975506041,275.35767939883885
26.616666666666667,644.9738806714037,298.8625667115714,619.7781357184411,266.7952549532554,622.0686579868922,264.50473268480425,622.0686579868922,275.9573440270599
26.633333333333333,637.815998582494,256.0107126059645,628.2721557972808,256.0107126059645,630.6581164935841,105.6951887388584,501.81623889320736,275.0983981763907
26.65,654.2660791644287,76.92385799867009,634.6937453275659,248.18177907121947,637.140287057174,86.71002491710146,605.3352445722719,275.0937380969058
26.666666666666668,733.1666666666665,316.29166666666663,139.67708333333337,313.53125,733.1666666666665,89.9375,117.59375,310.77083333333337
26.683333333333334,506.9836781819662,156.8075154622395,122.13603719075525,170.45459493001295,580.6779073079427,94.0309499104817,100.30071004231775,312.3842213948567
26.7,714.5876533811294,124.4165810470779,114.7069971536597,124.4165810470779,685.3899223258101,68.67545812328649,703.9702966337403,63.36677974959207
26.716666666666665,524.6606985180891,115.92131318084034,519.303633752968,257.8835294565554,728.2291595926996,83.77892459011241,363.9487555644496,281.99032089960133
26.733333333333334,162.49905545651325,113.15384515276492,519.5495146552734,302.66524272749143,700.8212862484901,74.7022572390523,387.7154989511158,305.4117847213281
26.75,497.6200934232339,105.02150596788931,505.6666031708022,295.4555699936702,688.054157449015,56.742447482479974,529.8061324135068,298.1377399095263
26.766666666666666,498.50934799982895,103.82055391083838,503.98806421792676,292.836263435217,706.7005642875503,81.90568903844667,514.9454966541228,298.31497965331494
26.78333333333333,501.35704986221424,97.64897270226811,506.7742375290346,292.6677287078048,712.6273688682123,78.68881586839666,539.2773635299574,298.08491637462544
26.8,163.34358425300843,91.7380309512323,567.8692518209168,277.6011755094604,592.4687856595058,86.27146787599031,565.1359702832958,291.2675831975655
26.816666666666666,181.74518866742164,98.84616448119789,501.8514273385142,270.61048767056457,663.2057915467071,72.8212670282636,540.8887735179158,288.8279158876186
26.833333333333332,733.1666666666665,316.29166666666663,735.9270833333335,310.77083333333337,733.1666666666665,324.57291666666663,735.9270833333335,310.77083333333337
26.849999999999998,485.35008070204015,134.18953111436622,113.2060173882378,142.64735073513452,378.2176988389757,77.80406697591138,290.8202294243707,80.62334018283411
26.866666666666667,170.45047883192694,123.81823993225896,499.044480048948,296.0650954089232,681.8911420164837,86.71891721420809,533.4938511442807,296.0650954089232
26.883333333333333,513.9090524326311,120.80512762166188,546.7746633784491,265.9615759656908,672.7595053374175,76.98431302723816,546.7746633784491,296.0883859993571
26.9,463.12622731640056,102.84244507673088,465.7005396972071,107.99106983834383,663.9225930193038,87.39657079189215,527.4840368365619,56.504822222214784
26.916666666666668,514.2404063462412,260.52578233961765,645.2605042430799,255.58162770200113,662.5650454747378,258.0537050208094,529.0728702590908,275.35824625246744
26.933333333333334,157.56117241592096,272.11847304754485,539.0553309165832,256.5472829046606,601.3400914881199,264.33287797610285,539.0553309165832,266.92807633325003
26.95,166.17128363208178,69.16331715035938,501.4477640985075,251.55372252409495,665.0626865661233,79.89216452528501,504.12997594223884,264.96478174275205
26.966666666666665,516.8359941244985,58.16380386672381,694.7551733095138,63.55529414505759,708.2338990053483,79.72976498005903,541.0977003770006,254.95319902590745
26.983333333333334,97.03423766234073,281.8790596542268,535.6851495897669,253.57900082019933,88.54422001213243,290.369077304435,515.8751084059478,262.0690184704075
27.0,733.1666666666665,310.77083333333337,67.90625,308.01041666666663,735.9270833333335,308.01041666666663,735.9270833333335,308.01041666666663
27.016666666666666,488.52473958333326,149.9765625,94.59027777777783,339.75520833333337,712.8085937499998,342.6306423611112,57.20963541666674,348.38151041666663
27.03333333333333,501.01022607308846,136.3912599351671,495.3473433035392,277.96332917390043,682.2224746986674,99.58252193309636,348.11239129525654,255.31179809570312
27.05,500.30513080637206,301.3254856777686,497.6091783159859,266.2781033027503,659.366327739148,93.73714391804413,532.6565606910043,295.9335806969967
27.066666666666666,494.765790923782,273.5024134918316,492.13302481988944,273.5024134918316,571.1160079366678,305.09560673854287,534.2572824821711,289.29901011518734
27.083333333333332,470.37842365413087,122.54772964627784,478.02732908292046,280.625108507929,641.2039782304315,86.8528376452598,521.3711265127281,298.47255450843807
27.099999999999998,636.4885641469172,277.73643496790055,621.2380609726541,262.4859317936375,631.4050630888295,287.9034370840759,618.6963104436103,282.8199360259882
27.116666666666667,622.175496958789,265.3089958577971,622.175496958789,265.3089958577971,602.483549500702,272.6934761545797,568.0226414490495,282.5394498836232
27.133333333333333,640.2172342203455,247.73479812023902,663.9547807472757,247.73479812023902,618.8534423461087,252.4823074256251,815.8750785196271,266.7248353417831
27.15,92.9926069417146,296.421495111411,541.1624306923444,280.967363257941,77.53847508824458,80.0636491628311,423.7110286059725,284.058189628635
27.166666666666668,733.1666666666665,302.48958333333337,65.14583333333337,302.48958333333337,735.9270833333335,296.96875,738.6875,302.48958333333337
27.183333333333334,507.0308532714844,140.51728312174475,498.43824768066406,283.72737630208337,707.5249837239583,106.1468607584635,338.04294331868493,257.94955952962243
27.2,499.95565931250667,302.3045970482958,499.95565931250667,272.1777992885974,672.5000464816887,83.2006133413978,360.27686969935894,291.3493978629509
27.216666666666665,487.2824694997072,126.573858813975,468.40418639833365,142.75524432943814,681.4590956852638,69.93900950985437,352.4375902041818,247.93425017994798
27.233333333333334,511.6730637800954,306.04396535136345,511.6730637800954,276.34912132681177,730.3350970517945,79.28333825478637,373.9969687571735,281.7481838767302
27.25,486.54949634810157,117.08732114825875,486.54949634810157,292.7941175115733,390.194156406929,71.74363176417762,378.85823406090867,306.96402044409865
27.266666666666666,498.3909595018706,109.56786289285412,501.04320370310825,295.22495697949023,662.8300999786053,85.69766508171517,538.1746225204355,295.22495697949023
27.28333333333333,501.73864078126473,286.34572342231934,540.4279940585964,273.4492723298755,576.5380571174389,85.16108638019534,543.0072842770849,286.34572342231934
27.3,495.90207308796266,267.5606486490907,568.4865911180257,254.5991275722937,612.5557627791356,280.5221697258877,532.1943321029942,280.5221697258877
27.316666666666666,645.2633511213656,252.53676054679283,630.5803780265566,252.53676054679283,642.8161889388974,252.53676054679283,625.6860536616201,274.5612201890066
27.333333333333332,733.1666666666665,211.39583333333337,735.9270833333335,305.25,738.6875,175.51041666666663,738.6875,302.48958333333337
27.349999999999998,489.7418568929037,121.2981516520183,501.1986643473307,290.28606160481775,587.1247202555338,84.06352742513025,547.025894165039,293.15026346842444
27.366666666666667,500.90077616522706,296.94449181606365,500.90077616522706,272.08551323910547,558.9050595114628,59.40314096957445,531.2839722037314,291.42027435451746
27.383333333333333,491.58810000019355,112.8996664636843,488.8794891436005,256.4560418631195,659.5219731089667,56.01883847522879,515.9655977095315,280.83353957245754
27.4,505.250185033693,290.4459339600154,502.53892904931024,285.02342199124985,708.5943838624,76.2567111937775,529.6514888931379,285.02342199124985
27.416666666666668,507.1300597884897,282.55575541171413,527.0540844784118,274.0168876874618,393.27849013179184,291.09462313596646,507.1300597884897,282.55575541171413
27.433333333333334,151.8706348957313,285.2714044242773,570.5447725798164,257.3597952453383,604.0387035945429,81.51665741802276,551.006646154559,276.8979216705957
27.45,510.8619020151631,269.9118421466093,542.3442346339859,254.1706758371979,581.6971504075143,269.9118421466093,544.9677623522209,272.5353698648445
27.466666666666665,153.45621016196583,66.76693268556346,493.4601075650912,252.46136895957807,621.6154227401155,79.84400566260672,467.3059616110047,257.6921981503955
27.483333333333334,157.31931033340686,266.3915166191083,576.2581570247203,245.7031785108952,576.2581570247203,75.02438911813783,540.0535653353477,250.87526303794846
27.5,735.9270833333335,302.48958333333337,59.625,302.48958333333337,738.6875,299.72916666666663,752.4895833333335,302.48958333333337
27.516666666666666,732.1656561957467,359.87336222330725,85.22669643825952,359.87336222330725,711.487241956923,70.37556287977418,64.54828219943568,46.74308946397559
27.53333333333333,721.4389211309178,148.5802408374018,721.4389211309178,285.8978353920911,724.2997043508074,108.5292757589508,292.3214381475141,291.6194018318698
27.55,495.3266942819382,120.648492172896,492.4281956582711,303.2539054639295,721.40958692798,53.98302382855047,364.8942562169143,303.2539054639295
27.566666666666666,485.6088926626479,92.3669013541745,491.246434744813,103.64198551850495,587.0846501416216,44.44779365577017,525.0716872378042,41.62902261468764
27.583333333333332,500.7047328865707,104.53753256801554,500.7047328865707,283.73869933996616,714.0394552341312,297.96101416313695,483.63795509876593,297.96101416313695
27.599999999999998,503.6603076857609,118.404289520607,509.21589941356183,268.4052661712353,573.1052042832741,296.18322481024063,539.7716539164678,282.2942454907379
27.616666666666667,491.36458237413353,98.85754043534087,483.39605175869633,284.78992146221105,573.706065400319,96.20136356352839,549.8004735540071,292.75845207764837
27.633333333333333,500.16316826201205,242.2495887495901,645.5957691210131,244.75704738509012,660.6405209340132,81.77223607758901,527.7452132525123,259.8017991980902
27.65,143.576757425133,284.3674661327667,574.6584420300777,253.39153670007613,654.6795930645284,83.02392482027756,370.7335732648643,258.5541916055246
27.666666666666668,733.1666666666665,211.39583333333337,65.14583333333337,302.48958333333337,741.4479166666665,81.65625,749.7291666666665,302.48958333333337
27.683333333333334,495.6472795274524,110.9083997938368,492.6932203504773,276.33571370442723,726.063895331489,48.87315707736548,362.7146165635851,302.9222462972007
27.7,492.56917294363166,93.85236215646614,498.2907393834107,302.6895372083894,589.8358024198701,45.21904741834703,566.9495366607553,33.77591453878961
27.716666666666665,506.6370185527654,87.79135708268689,678.7310091242348,278.7081278729105,694.86482074031,292.15297088630655,552.349484798312,289.46400228362734
27.733333333333334,503.92179049107574,54.81998034905382,509.436276883289,52.06273715294719,581.1245999820609,54.81998034905382,564.5811408054211,21.733061995774506
27.75,153.29864683357226,266.20503522348235,664.2233504089913,255.88332404014056,581.6496609422568,88.15551731083633,542.9432440047251,261.0441796318114
27.766666666666666,501.5455215145057,60.248341895817134,504.3489647985557,253.6859284952494,574.4350468997991,270.506588199548,515.5627379347543,262.0962583473987
27.78333333333333,113.14542848242269,265.40709566332737,497.1473460888947,244.50903212011792,596.413147919139,74.71226583154191,525.8821834608075,254.95806389172265
27.8,496.30550515026425,41.27672471341896,594.8604190767767,38.68317434693188,600.0475198097508,277.2898080637509,574.1120161448791,274.6962576972636
27.816666666666666,486.8253693868253,44.99904358250808,668.4245503215222,42.47683273619282,650.7690743973158,39.95462188987756,534.7473754668149,14.73251342672529
27.833333333333332,730.40625,208.63541666666663,735.9270833333335,302.48958333333337,738.6875,81.65625,738.6875,302.48958333333337
27.849999999999998,499.44689602322035,110.42676459418408,502.3560265435111,290.7928568522135,601.2664642333983,46.425893147786496,566.3568979899086,37.69850158691406
27.866666666666667,494.4667145758866,98.16239305502847,497.2721505024366,297.3483438400759,581.4352282989354,305.7646516197258,494.4667145758866,300.1537797666258
27.883333333333333,500.8278031001,283.19742183491473,503.4875791860626,272.5583174910647,583.2808617649374,288.51697400683963,540.7244443895373,285.8571979208772
27.9,506.29021433914215,92.2169273187809,500.90053135245057,283.55067334633156,376.9378226585445,73.35303686536042,376.9378226585445,288.94035633302315
27.916666666666668,158.7657536921372,276.20038790598505,518.9880758678466,259.94975683038933,605.6581082710247,292.451018981581,394.39990428827787,268.0750723681872
27.933333333333334,160.2971852339292,272.148309975026,499.84385911570405,251.25313004383986,604.3197587716347,76.25599812015582,374.4727795285871,256.4769250266363
27.95,506.11513382161354,46.953773138531574,503.4794299728717,44.31806928978983,695.885810931019,62.76799623098202,548.2863954014813,33.77525389482287
27.966666666666665,147.6242333556928,81.68809430144177,571.9150685767246,272.7594638049528,380.84369907321354,73.25847505863987,386.4634452350816,281.1890830477548
27.983333333333334,521.045115343429,85.09616301874644,561.6908624248106,258.5180172326409,591.4977436178237,85.09616301874644,558.9811459527184,277.4860325372856
28.0,733.1666666666665,208.63541666666663,735.9270833333335,302.48958333333337,738.6875,81.65625,749.7291666666665,302.48958333333337
28.016666666666666,500.4452107747394,120.72531127929688,503.34310913085926,280.10972086588527,726.4812825520831,71.46103922526049,535.2199910481769,283.00761922200513
28.03333333333333,511.79767098526156,310.355119968454,511.79767098526156,288.56428272028757,699.7436422506966,76.10361955066526,544.4839268575112,296.73584668834997
28.05,500.9182124470534,106.70841422336764,498.2249479556266,292.543664131818,562.8632957498702,52.84312439483131,533.2373863441752,295.2369286232448
28.066666666666666,510.58617279184824,284.60107635184363,507.9450727656686,281.9599763256641,581.8958734986934,287.24217637802303,539.638273079822,284.60107635184363
28.083333333333332,495.5588982613824,113.01124929291575,487.46666063234125,307.224952389901,695.167426444395,61.76041097565576,544.1123240356287,53.66817334661471
28.099999999999998,692.9845593929849,95.98032035922654,119.87220040046145,101.33651063018453,690.3064642575055,47.77460792060299,692.9845593929849,39.74032251416577
28.116666666666667,501.1280730687249,101.50214802463165,501.1280730687249,283.0494500960896,663.9866822798856,80.14364189857781,541.175272055076,291.0588898933597
28.133333333333333,168.51036072384215,90.48569198402868,499.2386934984921,259.695536659431,581.2798303108085,93.04947750941358,547.950618480805,275.0782498117402
28.15,179.05134154362526,268.09836041019184,493.411339191526,250.06131136482054,650.5913380154761,79.99770607989058,367.1519958739264,255.2147539492123
28.166666666666668,730.40625,208.63541666666663,733.1666666666665,305.25,738.6875,81.65625,741.4479166666665,302.48958333333337
28.183333333333334,514.9347025553385,116.44720458984375,517.8326009114581,290.32110595703125,729.379180908203,67.18293253580737,538.1178894042968,284.5253092447915
28.2,510.3770215958357,292.5299044599135,518.8315834502378,286.89352989031204,609.0135765638615,86.80223266945939,569.5589545766511,295.3480917447142
28.216666666666665,505.4795955476882,117.63349512635511,499.9982579738976,293.03629748765104,711.029754564832,76.5234633229262,362.96481862913504,293.03629748765104
28.233333333333334,512.0100953914621,106.17121889782959,517.5413930733469,294.2353400819178,578.3856675740813,70.2177839655775,553.4948280055992,297.0009889228603
28.25,503.67443698707183,104.36436433279971,501.0861425802653,270.01520636841667,573.5583859708477,70.71653704431503,539.910558682363,285.5449728092557
28.266666666666666,158.43707925419096,265.33571836861074,520.7730198945362,260.19620148009517,654.4004589959403,77.7433519377937,533.621812115825,280.75426903415735
28.28333333333333,486.51961209002206,108.98532406544314,489.0709673162546,272.27205854432214,654.9090570213659,86.02312702935069,435.49250756537253,287.58018990171695
28.3,164.45171022286007,97.66991414363179,655.340511787,257.90822760757374,657.8839770800785,95.12644885055329,538.3411083053916,273.1690193660445
28.316666666666666,494.50897147328897,41.709537941197254,489.27218176667407,41.709537941197254,575.679211925821,41.709537941197254,554.732053099361,12.907194554814964
28.333333333333332,730.40625,205.875,733.1666666666665,305.25,738.6875,87.17708333333337,738.6875,302.48958333333337
28.349999999999998,500.4452107747394,119.3451029459635,709.0938924153644,290.32110595703125,732.2770792643227,70.08083089192712,535.2199910481769,290.32110595703125
28.366666666666667,154.86234187086416,308.9291603101625,494.4362223214573,300.5099731915527,713.3350874053106,59.15994245807326,491.62982661525393,308.9291603101625
28.383333333333333,510.3902895783365,124.0889035331677,510.3902895783365,280.1215814692076,580.0477350854972,68.36294712743916,543.8258634217736,282.90787928949396
28.4,486.1680013008074,108.51574807277768,483.5603820842308,113.73098650593101,551.3584817152238,77.22431747385792,363.60989812170476,58.97098295782132
28.416666666666668,491.5156578973025,79.37738587973251,488.93732346684953,76.79905144927955,604.9623728372342,45.85903828384369,545.6606809368152,40.70236942293752
28.433333333333334,506.11782665414535,264.1680916810657,539.3961340003242,253.92861249762598,577.7941809382227,269.2878312727854,544.5158735920439,271.8477010686454
28.45,168.48749974101793,266.14549110345354,477.2217964096682,250.70877627002108,605.8610866882724,80.90491310226344,436.05722352051487,255.85434788116527
28.466666666666665,663.2579950213054,249.46007065930883,690.7801869274293,251.96208810532005,655.7519426832715,276.98226256543273,658.253960129283,264.4721753353764
28.483333333333334,503.46117766863273,253.47942485724684,569.3712563855797,245.87441577452216,571.9062594131547,258.5494309123966,536.4162170271063,263.61943696754633
28.5,733.1666666666665,205.875,735.9270833333335,302.48958333333337,741.4479166666665,81.65625,746.96875,302.48958333333337
28.516666666666666,131.0009104410807,132.2319895426432,708.5250956217445,313.99087015787757,743.7042338053383,82.39487711588538,365.5284983317057,293.4697062174479
28.53333333333333,496.42344488700223,124.06703982750571,499.23861572146416,295.7924607296784,716.0067699750264,59.31811063488317,527.3903240660825,295.7924607296784
28.55,481.9558311014988,98.63153146770003,487.4771215564574,104.15282192265852,556.4932522434391,43.41862691811468,515.0835738312502,37.89733646315619
28.566666666666666,495.6687431616289,100.69797147440215,498.33098648402705,281.7305173974811,682.0257757295044,84.72451154001283,538.2646363200006,287.05500404227746
28.583333333333332,88.4165773192185,290.06346032278043,515.3006211251538,279.1874337289987,55.78849753787313,306.37750021345323,569.6807540940624,290.06346032278043
28.599999999999998,147.46115203204266,89.30040008614787,653.0264507273678,257.8221663179229,616.1623143641671,91.93355268351934,537.1677364430225,276.25423449952336
28.616666666666667,499.74816945381366,259.52445832911417,649.5665807861928,251.90657300712883,649.5665807861928,262.06375343644277,532.7590058490837,264.60304854377114
28.633333333333333,152.160660208286,261.4975369167422,493.33711058257677,248.37536574850026,600.9389141621608,75.16270632770647,464.46833401244453,253.62423421579706
28.65,104.34504039796684,266.91214113967953,503.007877355005,240.8557465673241,583.7827005293068,269.51778059691503,547.3037481280091,259.0952227679729
28.666666666666668,733.1666666666665,205.875,735.9270833333335,302.48958333333337,741.4479166666665,81.65625,746.96875,299.72916666666663
28.683333333333334,128.4161648220486,141.02946980794275,705.2102593315974,308.7706095377606,746.4098375108508,93.94423760308155,369.7279798719619,291.1136474609374
28.7,516.0023844032378,123.6665988420998,498.90295010032514,280.41141328546746,721.1955960381918,63.81857878190499,382.05681569708725,286.1112247197717
28.716666666666665,496.6319314819692,95.2120714474089,499.41504253387563,295.59606718466864,390.87371150952674,61.814738824532355,493.84882043006303,298.37917823657506
28.733333333333334,512.1437893695805,94.98784619176217,514.805048716903,265.30844442040814,591.9815697892584,68.37525271853633,546.7401608847742,286.5985191989889
28.75,142.78316912243235,291.03395144452656,564.1492324485095,279.94537083068246,578.0099582158147,299.35038690490967,553.0606518346655,288.26180629106557
28.766666666666666,152.11118489434858,244.0320137937547,529.2429437681124,254.3643907492003,668.7300326666277,104.54492489523932,521.4936610515283,277.6122388989527
28.78333333333333,513.0914575418203,264.0438469115221,541.6488592629566,258.8515920531337,666.2629758642779,264.0438469115221,539.0527318337624,269.23610176991053
28.8,146.16535346719434,286.17177679629447,510.8654810937419,254.22724006988153,98.24854837757493,278.18564261469123,380.4252894608891,267.5374637058869
28.816666666666666,516.7043018528177,249.41788192015304,694.1306227819907,233.04006768053705,699.5898941951962,254.87715333335836,544.0006589188442,260.3364247465637
28.833333333333332,733.1666666666665,205.875,67.90625,302.48958333333337,738.6875,81.65625,741.4479166666665,299.72916666666663
28.849999999999998,731.8781127929686,129.07575141059021,731.8781127929686,143.78988647460938,746.5922478569877,52.562249077691035,743.6494208441837,55.505076090494754
28.866666666666667,503.1853928731548,116.45953013499582,503.1853928731548,292.41127218471627,721.7061047736142,56.86297234396136,395.3440025846163,295.24920350809896
28.883333333333333,486.7342597329214,99.60931290241172,486.7342597329214,102.38073021040248,691.8191405242412,49.723801358577134,87.65016738224483,41.40954943460463
28.9,500.60758504616444,293.5002659731749,497.8672920536443,290.75997298065465,363.59293542015394,79.75741255659852,363.59293542015394,277.05850801805366
28.916666666666668,103.87613651480831,298.55714129042656,505.28624284101113,284.6192903763223,70.42529432095819,304.13228165606813,485.77325156126494,301.34471147324723
28.933333333333334,491.1877799730135,104.83462476691068,493.841960567008,274.7021827825563,562.8506560108638,67.67609645098821,533.6546694769247,287.9730857525285
28.95,172.1677140464135,99.4433204353594,488.38844887778487,260.1456610873678,589.4754050943708,96.8513471990367,522.0841009499801,280.8814469779494
28.966666666666665,645.1825798844004,251.17500371478206,642.6513560208041,253.7062275783785,642.6513560208041,263.83112303276414,543.9336253405443,273.95601848714966
28.983333333333334,508.22705433502676,251.1045546131097,640.8752970891693,243.59616351381862,640.8752970891693,256.11014867930373,525.7466335667059,261.11574274549787
29.0,730.40625,208.63541666666663,733.1666666666665,299.72916666666663,738.6875,81.65625,327.38541666666674,299.72916666666663
29.016666666666666,539.5708821614586,133.18537563747827,710.9063144259984,295.65863037109364,755.2172020806207,71.15013292100696,344.60297648111987,280.8883344862196
29.03333333333333,520.9777144477879,128.24992357829092,500.69980985974837,299.16369082033634,723.7567603281806,58.72567927644195,387.7229128692438,307.85422135806743
29.05,494.37428047095716,114.43710985035193,483.4356786656532,292.1893891865409,579.1484444620625,65.21340172648434,549.067289497477,54.274799921180374
29.066666666666666,507.8605937318911,113.65196606842835,505.22341861403515,279.7939984933479,689.8256768639459,71.45716418273435,536.8695200283056,282.4311736112039
29.083333333333332,114.79230362734427,306.9606794112083,512.2249811990719,298.6229309306825,717.8894437187071,92.95846841104719,492.77023474451175,301.4021804241911
29.099999999999998,511.32932462401527,130.79679224454435,547.2008228068328,271.5234389617515,580.3129749755874,81.12856399141242,547.2008228068328,282.560823018003
29.116666666666667,168.30003922929734,111.49484351531339,486.2041857225287,279.6424912472705,546.6322466262008,85.2217735571952,515.1045626764587,279.6424912472705
29.133333333333333,174.85376758506095,252.84430198725488,523.4294996221723,252.84430198725488,648.1025716646427,90.0060038093344,528.5181964402324,280.832134486585
29.15,492.24135388960906,258.47218201308795,522.9275871430472,258.47218201308795,645.6725201567997,273.815298639807,520.370401038594,278.9296708487134
29.166666666666668,730.40625,205.875,733.1666666666665,299.72916666666663,741.4479166666665,81.65625,327.38541666666674,299.72916666666663
29.183333333333334,104.0396728515625,342.7115139431422,708.5547485351564,328.10970052083337,758.2009141710072,94.4806857638888,372.7130398220487,290.1449856228297
29.2,523.6935090753768,126.96021423957961,706.3587726884421,298.02768333752954,393.21832078033026,57.373447148888204,387.4194235227727,306.726029223866
29.216666666666665,513.3868752777647,265.544797918242,537.2775957907738,268.1993224196874,683.2764433702732,77.07355831561529,542.5866447936646,281.4719449269146
29.233333333333334,496.7351778802697,121.93260290156547,486.06350548676346,287.34352500091256,678.1536085698764,68.57424093403415,520.7464407656588,287.34352500091256
29.25,508.3999376258247,107.5395668845099,513.5890035886501,289.156875583403,702.9899112317818,55.64890725625469,542.1288663841905,294.34594154622846
29.266666666666666,489.4177025920544,65.55027685508037,103.1832090821838,59.8282843586378,600.9965562726836,31.218321876425193,80.29523909641375,25.496329379982626
29.28333333333333,129.3792059799598,88.41589530766123,506.5613285481926,281.19786906475804,707.7251272512502,66.06436211843265,372.452129412821,289.57969401071875
29.3,507.47445270680225,92.10749984929043,501.972061113588,284.69120561178875,697.3069626726932,70.09793347643347,372.6658586730533,290.193597205003
29.316666666666666,493.0485862055823,48.797659769889265,99.71356215940818,43.334673324803475,591.3823422171258,26.945713989546334,83.32460282415093,18.75123432191765
29.333333333333332,730.40625,205.875,733.1666666666665,299.72916666666663,738.6875,81.65625,327.38541666666674,299.72916666666663
29.349999999999998,132.89645046657995,142.76641167534729,708.9042934841576,282.40467664930554,729.2682071261933,99.12945387098523,374.35428365071607,296.9503292507594
29.366666666666667,140.50072067424117,142.9292926810407,506.4621430591301,274.22842895653514,696.426850861973,98.23171437448934,375.1630067836355,282.6092248890135
29.383333333333333,484.5539458795182,122.70707593315774,474.0506697271609,288.13367533278586,565.9543360602876,70.19069517137109,542.3219647174834,303.88858956132185
29.4,142.59101955826782,117.61784202925674,477.65646973112564,279.9151694567347,650.4245924765055,80.97005841660052,357.2423235752549,279.9151694567347
29.416666666666668,482.84840949935284,109.07325380902068,638.1464601737998,272.13620701719003,638.1464601737998,85.77854620785376,506.1431171005199,287.66601208463464
29.433333333333334,639.6807361627222,256.58112557431,624.8940565330751,254.11667896936876,624.8940565330751,256.58112557431,590.3918040638986,276.2966984138394
29.45,101.00782143513345,297.5850406443152,739.3211522901363,285.1906070354802,88.61338782629844,319.2752994597764,438.75613727588734,288.28921543768877
29.466666666666665,84.27412566929911,297.4387847138722,741.4423676123513,294.4380164858218,72.27105275709721,303.4403211699731,417.35939898290087,294.4380164858218
29.483333333333334,739.3558959537851,69.98993042835957,742.2863336764907,69.98993042835957,759.868960012724,23.102926865071026,759.868960012724,28.963802310482038
29.5,730.40625,205.875,733.1666666666665,299.72916666666663,741.4479166666665,78.89583333333337,327.38541666666674,299.72916666666663
29.516666666666666,728.9352857801649,129.07575141059021,728.9352857801649,146.7327134874132,743.6494208441837,58.447903103298586,316.93950398763013,58.447903103298586
29.53333333333333,514.2238680256737,118.54594850540173,508.47615901629115,273.73409175872814,724.0152468681333,72.56427643034215,528.5931405491297,276.6079462634192
29.55,536.4302877213469,126.9500083826457,709.7315725501393,282.9211647285588,747.2801842630441,83.62468717544755,392.01255036401994,274.25610048711917
29.566666666666666,96.33321685884528,297.62196897628337,521.1949686058642,283.459910584716,722.29619776612,85.19109310277383,569.3459671371932,303.2867923329103
29.583333333333332,513.2845923057048,138.83726533291394,505.0210865547658,276.5623611818961,719.8722360791778,97.5197365782193,353.52348112088544,249.01734201209968
29.599999999999998,144.65117885637562,125.99009623575091,519.8982661792861,295.5461875446216,386.4770795755845,75.95715125936283,386.4770795755845,292.7665794903778
29.616666666666667,498.36354232153815,291.8581398788998,498.36354232153815,275.84282003511237,685.2089404990578,64.97444209191133,503.7019822694672,283.8504799570061
29.633333333333333,502.7809623565756,103.47133667735227,505.593983081091,277.8786215972866,379.0080504779128,306.0088288424371,379.0080504779128,297.56976666889204
29.65,494.4829174979965,104.26616154352394,652.4406241968406,267.4891251323296,652.4406241968406,101.63353309854313,531.3397157277268,283.284895802214
29.666666666666668,730.40625,205.875,733.1666666666665,302.48958333333337,738.6875,81.65625,327.38541666666674,299.72916666666663
29.683333333333334,109.22893269856775,332.82720947265625,706.1959940592445,298.05242919921875,729.379180908203,103.89323933919263,370.039784749349,292.256632486979
29.7,710.6937737994722,139.5207865768009,710.6937737994722,156.2176618708504,699.5625236034391,83.8645355966355,301.6203290952576,295.35828932126356
29.716666666666665,520.2033702575609,309.05313310899373,514.8134826707774,265.93403241472504,598.3567402659228,109.62729239800115,380.06629300118766,282.1036951750758
29.733333333333334,521.9929813703599,261.28104352144703,535.1518866115308,263.9128245696812,616.7370991067902,271.8081677143838,532.5201055632966,274.439948762618
29.75,652.2798504509109,113.49008903154686,629.9199919356403,111.00566030762786,629.9199919356403,299.82224332547,627.4355632117209,307.275529497227
29.766666666666666,491.6654153694302,275.85907102596445,637.7934150611978,263.4753422385264,635.31666930371,280.81256254093967,526.3398559742565,280.81256254093967
29.78333333333333,137.90436924062976,259.7021748736041,514.0419909313408,243.92017676070714,661.3406399850459,264.9628409112364,450.913998479753,262.33250789242027
29.8,108.71126889019445,46.57327718101169,466.785900553254,43.94037547760695,598.4309857234963,51.8390805878214,516.811032917946,14.97845674015366
29.816666666666666,158.1201719825076,280.4292863235694,499.3389189447653,256.8064499954131,596.455023849408,86.19707651428416,373.35045852793166,264.68072877146517
29.833333333333332,730.40625,211.39583333333337,62.38541666666663,299.72916666666663,738.6875,84.41666666666663,749.7291666666665,299.72916666666663
29.849999999999998,527.0735270182291,140.48763020833326,710.9215901692706,282.82161458333337,740.5745035807289,84.1470947265625,358.05192057291663,259.09928385416663
29.866666666666667,507.4188192420535,114.67260689205602,487.4861154026454,291.21941232681274,379.280008845859,57.72202449374731,373.5849506060282,279.829295847151
29.883333333333333,691.2587103263855,95.21634509940463,475.3998744538899,311.0751809719002,688.5937864267249,47.24771490551666,707.248253724348,41.9178671061959
29.9,526.078971680489,78.73233339974718,518.1739850152363,78.73233339974718,597.2238516677616,313.2469378022387,570.8738961169198,297.43696447173363
29.916666666666668,506.0797671354555,94.08598588542645,506.0797671354555,261.60376970962534,689.5516256095782,86.10894856046457,535.3289039936492,280.216856801203
29.933333333333334,161.7350592494313,284.0694819241853,570.1730461978226,267.84015793948106,705.4174127370251,97.43225610008608,551.2388348823343,275.9548199318332
29.95,150.68834165437386,273.38464866928155,513.4972038449881,270.6771198469636,361.87558979517917,73.02751581774828,532.4499056012143,284.2147639585537
29.966666666666665,147.41498161332913,79.77518530461896,563.856182311657,263.0093136118833,583.2901050109124,290.77206032510514,377.8457793330706,274.11441229717207
29.983333333333334,504.37052104350323,58.192180193773765,692.8558029893475,267.9152403870371,687.5463584274928,55.53745791284632,549.5007998192687,15.716623698935564
30.0,733.1666666666665,208.63541666666663,70.66666666666663,302.48958333333337,738.6875,95.45833333333337,741.4479166666665,299.72916666666663
30.016666666666666,498.2140536838107,106.57413228352868,498.2140536838107,313.3582746717665,740.4469061957467,50.44700792100696,380.05168660481775,295.6339196099176
30.03333333333333,156.03264752747828,95.84499319918723,506.5507125493002,295.72719556700315,381.9864415084875,75.56708861114794,387.7801285336416,295.72719556700315
30.05,165.0569940168541,87.30722589356469,515.3515720879988,280.38297758632154,388.4732209756156,81.79077584520019,391.23144599979776,288.6576526588683
30.066666666666666,505.77993866667885,257.261743305648,540.0669562809235,257.261743305648,582.2663625753783,270.4490577726651,540.0669562809235,275.723983559472
30.083333333333332,515.5965892927123,69.73572764713117,510.295048483218,239.38503355094554,701.150517625009,88.29112048036086,520.8981301022064,255.28965597942806
30.099999999999998,518.1955868379914,50.37914981363849,703.9954362527601,244.62444692907832,591.3894669104761,72.90034368209535,532.2713330057773,258.7001930968638
30.116666666666667,130.80466027647037,266.26590666204845,518.4375137252504,247.02172244827932,617.4076039674923,73.82406452435623,501.9424986848768,258.01839914186155
30.133333333333333,122.28599446867327,58.64725462474166,691.9197536143881,61.399108533658136,708.4308770678872,80.66208589607356,389.21582363357345,254.02888215781286
30.15,104.9023756677509,52.69386234653223,514.0749242502162,58.113366301266865,584.5284756617665,68.95237421073614,492.39690843127755,250.5057566943466
30.166666666666668,733.1666666666665,205.875,70.66666666666663,302.48958333333337,738.6875,92.69791666666663,327.38541666666674,280.40625
30.183333333333334,128.59857516818568,127.87795342339405,496.451951768663,280.90495808919275,725.9924587673607,77.84989420572913,361.0819091796874,254.41951497395826
30.2,480.1428274545402,112.46116093297803,480.1428274545402,117.9933308545086,375.03159894545854,70.96988652149844,480.1428274545402,303.3210232257842
30.216666666666665,488.5464312757717,101.67505033889995,472.74409043546206,106.9424972856699,554.3895181103951,56.90175129135616,528.0522833765456,296.5705873693852
30.233333333333334,509.7319588639276,100.30417669503856,507.09566339496325,282.208564053583,689.0000507535077,84.48640388125204,538.7312090225361,287.48115499151186
30.25,170.61528360273473,95.61986067376824,509.8388009166248,279.9224015765906,576.61508385243,87.60670672147171,552.5756219955401,285.2645042114548
30.266666666666666,156.23403725171636,98.71174169095218,498.33206487010864,104.01558708038453,683.9666535002442,82.80020552265478,538.110905290852,292.30209840523617
30.28333333333333,130.80251297230882,81.38619205457383,636.5842534782441,269.0149022422594,606.67243011499,81.38619205457383,563.164323404802,277.1726722504196
30.3,494.403952936715,64.25629131695246,694.187882064511,64.25629131695246,694.187882064511,53.457160012747295,548.3996094577409,26.459331752234334
30.316666666666666,165.61399496721265,74.51405991905881,519.7847237753742,265.22137543114604,380.8408224737109,79.96284036226143,389.0139931385146,270.67015587434844
30.333333333333332,733.1666666666665,205.875,733.1666666666665,302.48958333333337,738.6875,95.45833333333337,735.9270833333335,299.72916666666663
30.349999999999998,138.2079162597655,138.66801961263013,706.1959940592445,309.64402262369777,729.379180908203,98.09744262695312,370.039784749349,295.1545308430989
30.366666666666667,518.6075434568854,134.43248458041091,691.6961256894797,277.2992508676317,694.4435635026957,90.47347956895817,372.9933393564488,293.78387774692635
30.383333333333333,508.7840223174446,289.91671592910575,503.59680248780546,266.5742266957294,669.5878370362591,97.9895822324562,537.31373138046,284.7294960994666
